step,x,y,z,vx,vy,mode,nearest_obs,action_x,action_y
1,0.0,0.0,-12.0,0.0,0.0,GLOBAL,28.874199396510495,2.9948231195249875,0.17616606585441102
2,0.0,0.0,-12.0,0.0,0.0,GLOBAL,28.922027407819574,2.9948231195249875,0.17616606585441102
3,0.0,0.0,-12.0,0.0,0.0,GLOBAL,28.85606299497987,2.9948231195249875,0.17616606585441102
4,0.0,0.0,-12.0,0.0,0.0,GLOBAL,28.780688948754708,2.9948231195249875,0.17616606585441102
5,0.0,0.0,-12.0,0.0,0.0,GLOBAL,28.848092015821884,2.9948231195249875,0.17616606585441102
6,0.0,0.0,-12.0,0.0,0.0,GLOBAL,28.841261557505288,2.9948231195249875,0.17616606585441102
7,0.0,0.0,-12.0,0.0,0.0,GLOBAL,28.815529805771707,2.9948231195249875,0.17616606585441102
8,0.0,0.0,-12.0,0.0,0.0,GLOBAL,28.865861135583348,2.9948231195249875,0.17616606585441102
9,0.0,0.0,-12.0,0.0,0.0,GLOBAL,28.77967282271387,2.9948231195249875,0.17616606585441102
10,0.0,0.0,-12.0,0.0,0.0,GLOBAL,28.8572106222772,2.9948231195249875,0.17616606585441102
11,0.0,0.0,-12.0,0.0,0.0,GLOBAL,28.89295534893613,2.9948231195249875,0.17616606585441102
12,0.0,0.0,-12.0,0.0,0.0,GLOBAL,28.849290340563428,2.9948231195249875,0.17616606585441102
13,0.0,0.0,-12.0,0.0,0.0,GLOBAL,28.77138859937587,2.9948231195249875,0.17616606585441102
14,0.0,0.0,-12.0,0.0,0.0,GLOBAL,28.8732055559343,2.9948231195249875,0.17616606585441102
15,0.0,0.0,-12.0,0.0,0.0,GLOBAL,28.768505598554356,2.9948231195249875,0.17616606585441102
16,0.0,0.0,-12.0,0.0,0.0,GLOBAL,28.820323132827546,2.9948231195249875,0.17616606585441102
17,0.0,0.0,-12.0,0.0,0.0,GLOBAL,28.80011114424104,2.9948231195249875,0.17616606585441102
18,0.0,0.0,-12.0,0.0,0.0,GLOBAL,28.82531532448643,2.9948231195249875,0.17616606585441102
19,0.0,0.0,-12.0,0.0,0.0,GLOBAL,28.830670405738207,2.9948231195249875,0.17616606585441102
20,0.0,0.0,-12.0,0.0,0.0,GLOBAL,28.793616547151682,2.9948231195249875,0.17616606585441102
21,0.0,0.0,-12.0,0.0,0.0,GLOBAL,28.88229166608863,2.9948231195249875,0.17616606585441102
22,0.0,0.0,-12.0,0.0,0.0,GLOBAL,28.795913133958024,2.9948231195249875,0.17616606585441102
23,0.0,0.0,-12.0,0.0,0.0,GLOBAL,28.850228397177965,2.9948231195249875,0.17616606585441102
24,0.0,0.0,-12.0,0.0,0.0,GLOBAL,28.810683793104634,2.9948231195249875,0.17616606585441102
25,0.0,0.0,-12.0,0.0,0.0,GLOBAL,28.876617813182225,2.9948231195249875,0.17616606585441102
26,0.0,0.0,-12.0,0.0,0.0,GLOBAL,28.790686383402463,2.9948231195249875,0.17616606585441102
27,0.0,0.0,-12.0,0.0,0.0,GLOBAL,28.865732013582008,2.9948231195249875,0.17616606585441102
28,0.0,0.0,-12.0,0.0,0.0,GLOBAL,28.76869189161249,2.9948231195249875,0.17616606585441102
29,0.0,0.0,-12.0,0.0,0.0,GLOBAL,28.830173348441527,2.9948231195249875,0.17616606585441102
30,0.0,0.0,-12.0,0.0,0.0,GLOBAL,28.80355165005778,2.9948231195249875,0.17616606585441102
31,0.0,0.0,-12.0,0.0,0.0,GLOBAL,28.915168390770045,2.9948231195249875,0.17616606585441102
32,0.0,0.0,-12.0,0.0,0.0,GLOBAL,28.85821495963474,2.9948231195249875,0.17616606585441102
33,0.0,0.0,-12.0,0.0,0.0,GLOBAL,28.815462544587017,2.9948231195249875,0.17616606585441102
34,0.0,0.0,-12.0,0.0,0.0,GLOBAL,28.880915443679008,2.9948231195249875,0.17616606585441102
35,0.0,0.0,-12.0,0.0,0.0,GLOBAL,28.854169650415162,2.9948231195249875,0.17616606585441102
36,0.0,0.0,-12.0,0.0,0.0,GLOBAL,28.83048709655787,2.9948231195249875,0.17616606585441102
37,0.0,0.0,-12.0,0.0,0.0,GLOBAL,28.886623527947492,2.9948231195249875,0.17616606585441102
38,0.0,0.0,-12.0,0.0,0.0,GLOBAL,28.81010671707971,2.9948231195249875,0.17616606585441102
39,0.0,0.0,-12.0,0.0,0.0,GLOBAL,28.88937965708594,2.9948231195249875,0.17616606585441102
40,0.0,0.0,-12.0,0.0,0.0,GLOBAL,28.905701328216985,2.9948231195249875,0.17616606585441102
41,0.0,0.0,-12.0,0.0,0.0,GLOBAL,28.723902923383015,2.9948231195249875,0.17616606585441102
42,0.0,0.0,-12.0,0.0,0.0,GLOBAL,28.803205563748428,2.9948231195249875,0.17616606585441102
43,0.0,0.0,-12.0,0.0,0.0,GLOBAL,28.927587781789793,2.9948231195249875,0.17616606585441102
44,0.0,0.0,-12.0,0.0,0.0,GLOBAL,28.852274564608496,2.9948231195249875,0.17616606585441102
45,0.0,0.0,-12.0,0.0,0.0,GLOBAL,28.879123573144938,2.9948231195249875,0.17616606585441102
46,0.0,0.0,-12.0,0.0,0.0,GLOBAL,28.75136252095111,2.9948231195249875,0.17616606585441102
47,0.0,0.0,-12.0,0.0,0.0,GLOBAL,28.797613932362882,2.9948231195249875,0.17616606585441102
48,0.0,0.0,-12.0,0.0,0.0,GLOBAL,28.861718660043174,2.9948231195249875,0.17616606585441102
49,0.0,0.0,-12.0,0.0,0.0,GLOBAL,28.84040060958735,2.9948231195249875,0.17616606585441102
50,0.0,0.0,-12.0,0.0,0.0,GLOBAL,28.861412028141793,2.9948231195249875,0.17616606585441102
51,0.0,0.0,-12.0,0.0,0.0,GLOBAL,28.849145919551546,2.9948231195249875,0.17616606585441102
52,0.0,0.0,-12.0,0.0,0.0,GLOBAL,28.89915361404086,2.9948231195249875,0.17616606585441102
53,0.0,0.0,-12.0,0.0,0.0,GLOBAL,28.915776078165457,2.9948231195249875,0.17616606585441102
54,0.0,0.0,-12.0,0.0,0.0,GLOBAL,28.859054658348818,2.9948231195249875,0.17616606585441102
55,0.0,0.0,-12.0,0.0,0.0,GLOBAL,28.74642462715947,2.9948231195249875,0.17616606585441102
56,0.0,0.0,-12.0,0.0,0.0,GLOBAL,28.966472575591123,2.9948231195249875,0.17616606585441102
57,0.0,0.0,-12.0,0.0,0.0,GLOBAL,28.933989693631915,2.9948231195249875,0.17616606585441102
58,0.0,0.0,-12.0,0.0,0.0,GLOBAL,28.879582260857134,2.9948231195249875,0.17616606585441102
59,0.0,0.0,-12.0,0.0,0.0,GLOBAL,28.8694114736756,2.9948231195249875,0.17616606585441102
60,0.0,0.0,-12.0,0.0,0.0,GLOBAL,28.8270487008264,2.9948231195249875,0.17616606585441102
61,0.0,0.0,-12.0,0.0,0.0,GLOBAL,28.895112728522943,2.9948231195249875,0.17616606585441102
62,0.0,0.0,-12.0,0.0,0.0,GLOBAL,28.895593855914694,2.9948231195249875,0.17616606585441102
63,0.0,0.0,-12.0,0.0,0.0,GLOBAL,28.7607852303088,2.9948231195249875,0.17616606585441102
64,0.0,0.0,-12.0,0.0,0.0,GLOBAL,28.87239808327263,2.9948231195249875,0.17616606585441102
65,0.0,0.0,-12.0,0.0,0.0,GLOBAL,28.88369708272471,2.9948231195249875,0.17616606585441102
66,0.0,0.0,-12.0,0.0,0.0,GLOBAL,28.813463725151472,2.9948231195249875,0.17616606585441102
67,0.0,0.0,-12.0,0.0,0.0,GLOBAL,28.800375005490388,2.9948231195249875,0.17616606585441102
68,0.0,0.0,-12.0,0.0,0.0,GLOBAL,28.876099433203855,2.9948231195249875,0.17616606585441102
69,0.0,0.0,-12.0,0.0,0.0,GLOBAL,28.803652544545876,2.9948231195249875,0.17616606585441102
70,0.0,0.0,-12.0,0.0,0.0,GLOBAL,28.848984211889398,2.9948231195249875,0.17616606585441102
71,0.0,0.0,-12.0,0.0,0.0,GLOBAL,28.808972524605544,2.9948231195249875,0.17616606585441102
72,0.0,0.0,-12.0,0.0,0.0,GLOBAL,28.777382578193315,2.9948231195249875,0.17616606585441102
73,0.0,0.0,-12.0,0.0,0.0,GLOBAL,28.898858440348395,2.9948231195249875,0.17616606585441102
74,0.0,0.0,-12.0,0.0,0.0,GLOBAL,28.84461100553418,2.9948231195249875,0.17616606585441102
75,0.0,0.0,-12.0,0.0,0.0,GLOBAL,28.840183199117096,2.9948231195249875,0.17616606585441102
76,0.0,0.0,-12.0,0.0,0.0,GLOBAL,28.79088840199371,2.9948231195249875,0.17616606585441102
77,0.0,0.0,-12.0,0.0,0.0,GLOBAL,28.88777022561932,2.9948231195249875,0.17616606585441102
78,0.0,0.0,-12.0,0.0,0.0,GLOBAL,28.819177741549264,2.9948231195249875,0.17616606585441102
79,0.0,0.0,-12.0,0.0,0.0,GLOBAL,28.89713416648093,2.9948231195249875,0.17616606585441102
80,0.0,0.0,-12.0,0.0,0.0,GLOBAL,28.890181284362427,2.9948231195249875,0.17616606585441102
81,0.0,0.0,-12.0,0.0,0.0,GLOBAL,28.803959764962627,2.9948231195249875,0.17616606585441102
82,0.0,0.0,-12.0,0.0,0.0,GLOBAL,28.849470697784245,2.9948231195249875,0.17616606585441102
83,0.0,0.0,-12.0,0.0,0.0,GLOBAL,28.917474455678725,2.9948231195249875,0.17616606585441102
84,0.0,0.0,-12.0,0.0,0.0,GLOBAL,28.8668268206069,2.9948231195249875,0.17616606585441102
85,0.0,0.0,-12.0,0.0,0.0,GLOBAL,28.819126559310433,2.9948231195249875,0.17616606585441102
86,0.0,0.0,-12.0,0.0,0.0,GLOBAL,28.89692372076196,2.9948231195249875,0.17616606585441102
87,0.0,0.0,-12.0,0.0,0.0,GLOBAL,28.913447064693116,2.9948231195249875,0.17616606585441102
88,0.0,0.0,-12.0,0.0,0.0,GLOBAL,28.83087487179507,2.9948231195249875,0.17616606585441102
89,0.0,0.0,-12.0,0.0,0.0,GLOBAL,28.945631274858474,2.9948231195249875,0.17616606585441102
90,0.0,0.0,-12.0,0.0,0.0,GLOBAL,28.801020197099565,2.9948231195249875,0.17616606585441102
91,0.0,0.0,-12.0,0.0,0.0,GLOBAL,28.95304712147013,2.9948231195249875,0.17616606585441102
92,0.0,0.0,-12.0,0.0,0.0,GLOBAL,28.92235041052199,2.9948231195249875,0.17616606585441102
93,0.0,0.0,-12.0,0.0,0.0,GLOBAL,28.881400017555787,2.9948231195249875,0.17616606585441102
94,0.0,0.0,-12.0,0.0,0.0,GLOBAL,28.83638568704303,2.9948231195249875,0.17616606585441102
95,0.0,0.0,-12.0,0.0,0.0,GLOBAL,28.91755567640429,2.9948231195249875,0.17616606585441102
96,0.0,0.0,-12.0,0.0,0.0,GLOBAL,28.921916041066595,2.9948231195249875,0.17616606585441102
97,0.0,0.0,-12.0,0.0,0.0,GLOBAL,28.863693279100822,2.9948231195249875,0.17616606585441102
98,0.0,0.0,-12.0,0.0,0.0,GLOBAL,28.757383934430756,2.9948231195249875,0.17616606585441102
99,0.0,0.0,-12.0,0.0,0.0,GLOBAL,28.864779202465137,2.9948231195249875,0.17616606585441102
100,0.0,0.0,-12.0,0.0,0.0,GLOBAL,28.879391431638737,2.9948231195249875,0.17616606585441102
101,0.0,0.0,-12.0,0.0,0.0,GLOBAL,28.864933909409768,2.9948231195249875,0.17616606585441102
102,0.0,0.0,-12.0,0.0,0.0,GLOBAL,28.857015031087027,2.9948231195249875,0.17616606585441102
103,0.0,0.0,-12.0,0.0,0.0,GLOBAL,28.978657143126828,2.9948231195249875,0.17616606585441102
104,0.0,0.0,-12.0,0.0,0.0,GLOBAL,28.89039136119833,2.9948231195249875,0.17616606585441102
105,0.0,0.0,-12.0,0.0,0.0,GLOBAL,28.81044482769647,2.9948231195249875,0.17616606585441102
106,0.0,0.0,-12.0,0.0,0.0,GLOBAL,28.816499734417118,2.9948231195249875,0.17616606585441102
107,0.0,0.0,-12.0,0.0,0.0,GLOBAL,28.829597760613826,2.9948231195249875,0.17616606585441102
108,0.0,0.0,-12.0,0.0,0.0,GLOBAL,28.902165869174617,2.9948231195249875,0.17616606585441102
109,0.0,0.0,-12.0,0.0,0.0,GLOBAL,28.856162235110872,2.9948231195249875,0.17616606585441102
110,0.0,0.0,-12.0,0.0,0.0,GLOBAL,28.88261170502269,2.9948231195249875,0.17616606585441102
111,0.0,0.0,-12.0,0.0,0.0,GLOBAL,28.89255565819727,2.9948231195249875,0.17616606585441102
112,0.0,0.0,-12.0,0.0,0.0,GLOBAL,28.855721907240614,2.9948231195249875,0.17616606585441102
113,0.0,0.0,-12.0,0.0,0.0,GLOBAL,28.868355682707165,2.9948231195249875,0.17616606585441102
114,0.0,0.0,-12.0,0.0,0.0,GLOBAL,28.778234112374268,2.9948231195249875,0.17616606585441102
115,0.0,0.0,-12.0,0.0,0.0,GLOBAL,28.88311897535857,2.9948231195249875,0.17616606585441102
116,0.0,0.0,-12.0,0.0,0.0,GLOBAL,28.76802721787143,2.9948231195249875,0.17616606585441102
117,0.0,0.0,-12.0,0.0,0.0,GLOBAL,28.841543582304254,2.9948231195249875,0.17616606585441102
118,0.0,0.0,-12.0,0.0,0.0,GLOBAL,28.723510684586838,2.9948231195249875,0.17616606585441102
119,0.0,0.0,-12.0,0.0,0.0,GLOBAL,28.92986161129224,2.9948231195249875,0.17616606585441102
120,0.0,0.0,-12.0,0.0,0.0,GLOBAL,28.776628570617692,2.9948231195249875,0.17616606585441102
121,0.0,0.0,-12.0,0.0,0.0,GLOBAL,28.779650860728996,2.9948231195249875,0.17616606585441102
122,0.0,0.0,-12.0,0.0,0.0,GLOBAL,28.89020575487964,2.9948231195249875,0.17616606585441102
123,0.0,0.0,-12.0,0.0,0.0,GLOBAL,28.90534490923322,2.9948231195249875,0.17616606585441102
124,0.0,0.0,-12.0,0.0,0.0,GLOBAL,28.84165336204225,2.9948231195249875,0.17616606585441102
125,0.0,0.0,-12.0,0.0,0.0,GLOBAL,28.80828394381157,2.9948231195249875,0.17616606585441102
126,0.0,0.0,-12.0,0.0,0.0,GLOBAL,28.831784134723886,2.9948231195249875,0.17616606585441102
127,0.0,0.0,-12.0,0.0,0.0,GLOBAL,28.85693267112398,2.9948231195249875,0.17616606585441102
128,0.0,0.0,-12.0,0.0,0.0,GLOBAL,28.866495118843424,2.9948231195249875,0.17616606585441102
129,0.0,0.0,-12.0,0.0,0.0,GLOBAL,28.847667597015846,2.9948231195249875,0.17616606585441102
130,0.0,0.0,-12.0,0.0,0.0,GLOBAL,28.84042979796802,2.9948231195249875,0.17616606585441102
131,0.0,0.0,-12.0,0.0,0.0,GLOBAL,28.83596410731586,2.9948231195249875,0.17616606585441102
132,0.0,0.0,-12.0,0.0,0.0,GLOBAL,28.904308752702338,2.9948231195249875,0.17616606585441102
133,0.0,0.0,-12.0,0.0,0.0,GLOBAL,28.816189767496333,2.9948231195249875,0.17616606585441102
134,0.0,0.0,-12.0,0.0,0.0,GLOBAL,28.954967221704866,2.9948231195249875,0.17616606585441102
135,0.0,0.0,-12.0,0.0,0.0,GLOBAL,28.94371594588332,2.9948231195249875,0.17616606585441102
136,0.0,0.0,-12.0,0.0,0.0,GLOBAL,28.919953241503904,2.9948231195249875,0.17616606585441102
137,0.0,0.0,-12.0,0.0,0.0,GLOBAL,28.790040054763242,2.9948231195249875,0.17616606585441102
138,0.0,0.0,-12.0,0.0,0.0,GLOBAL,28.922257438161004,2.9948231195249875,0.17616606585441102
139,0.0,0.0,-12.0,0.0,0.0,GLOBAL,28.79362485507803,2.9948231195249875,0.17616606585441102
140,0.0,0.0,-12.0,0.0,0.0,GLOBAL,28.893407364215385,2.9948231195249875,0.17616606585441102
141,0.0,0.0,-12.0,0.0,0.0,GLOBAL,28.853852966447352,2.9948231195249875,0.17616606585441102
142,0.0,0.0,-12.0,0.0,0.0,GLOBAL,28.713165118634535,2.9948231195249875,0.17616606585441102
143,0.0,0.0,-12.0,0.0,0.0,GLOBAL,28.881331859299145,2.9948231195249875,0.17616606585441102
144,0.0,0.0,-12.0,0.0,0.0,GLOBAL,28.86428964097448,2.9948231195249875,0.17616606585441102
145,0.0,0.0,-12.0,0.0,0.0,GLOBAL,28.79948845909714,2.9948231195249875,0.17616606585441102
146,0.0,0.0,-12.0,0.0,0.0,GLOBAL,28.862450714862145,2.9948231195249875,0.17616606585441102
147,0.0,0.0,-12.0,0.0,0.0,GLOBAL,28.779318262520242,2.9948231195249875,0.17616606585441102
148,0.0,0.0,-12.0,0.0,0.0,GLOBAL,28.880568897756763,2.9948231195249875,0.17616606585441102
149,0.0,0.0,-12.0,0.0,0.0,GLOBAL,28.892328587322524,2.9948231195249875,0.17616606585441102
150,0.0,0.0,-12.0,0.0,0.0,GLOBAL,28.845928433329277,2.9948231195249875,0.17616606585441102
151,0.0,0.0,-12.0,0.0,0.0,GLOBAL,28.840058206004663,2.9948231195249875,0.17616606585441102
152,0.0,0.0,-12.0,0.0,0.0,GLOBAL,28.894446942060227,2.9948231195249875,0.17616606585441102
153,0.0,0.0,-12.0,0.0,0.0,GLOBAL,28.85419383310198,2.9948231195249875,0.17616606585441102
154,0.0,0.0,-12.0,0.0,0.0,GLOBAL,28.953746754698045,2.9948231195249875,0.17616606585441102
155,0.0,0.0,-12.0,0.0,0.0,GLOBAL,28.850421087276608,2.9948231195249875,0.17616606585441102
156,0.0,0.0,-12.0,0.0,0.0,GLOBAL,28.854476189284735,2.9948231195249875,0.17616606585441102
157,0.0,0.0,-12.0,0.0,0.0,GLOBAL,28.76027212616262,2.9948231195249875,0.17616606585441102
158,0.0,0.0,-12.0,0.0,0.0,GLOBAL,28.92020187544222,2.9948231195249875,0.17616606585441102
159,0.0,0.0,-12.0,0.0,0.0,GLOBAL,28.909489197776974,2.9948231195249875,0.17616606585441102
160,0.0,0.0,-12.0,0.0,0.0,GLOBAL,28.884604812580175,2.9948231195249875,0.17616606585441102
161,0.0,0.0,-12.0,0.0,0.0,GLOBAL,28.824122924086527,2.9948231195249875,0.17616606585441102
162,0.0,0.0,-12.0,0.0,0.0,GLOBAL,28.867199640141198,2.9948231195249875,0.17616606585441102
163,0.0,0.0,-12.0,0.0,0.0,GLOBAL,28.93230581287927,2.9948231195249875,0.17616606585441102
164,0.0,0.0,-12.0,0.0,0.0,GLOBAL,28.74870315993342,2.9948231195249875,0.17616606585441102
165,0.0,0.0,-12.0,0.0,0.0,GLOBAL,28.870647516185745,2.9948231195249875,0.17616606585441102
166,0.0,0.0,-12.0,0.0,0.0,GLOBAL,28.867575496567618,2.9948231195249875,0.17616606585441102
167,0.0,0.0,-12.0,0.0,0.0,GLOBAL,28.83068074551148,2.9948231195249875,0.17616606585441102
168,0.0,0.0,-12.0,0.0,0.0,GLOBAL,28.876228159285333,2.9948231195249875,0.17616606585441102
169,0.0,0.0,-12.0,0.0,0.0,GLOBAL,28.982369779063458,2.9948231195249875,0.17616606585441102
170,0.0,0.0,-12.0,0.0,0.0,GLOBAL,28.762184693525825,2.9948231195249875,0.17616606585441102
171,0.0,0.0,-12.0,0.0,0.0,GLOBAL,28.87126715568261,2.9948231195249875,0.17616606585441102
172,0.0,0.0,-12.0,0.0,0.0,GLOBAL,28.904241450629577,2.9948231195249875,0.17616606585441102
173,0.0,0.0,-12.0,0.0,0.0,GLOBAL,28.827770845613156,2.9948231195249875,0.17616606585441102
174,0.0,0.0,-12.0,0.0,0.0,GLOBAL,28.88814212906986,2.9948231195249875,0.17616606585441102
175,0.0,0.0,-12.0,0.0,0.0,GLOBAL,28.805923405378575,2.9948231195249875,0.17616606585441102
176,0.0,0.0,-12.0,0.0,0.0,GLOBAL,28.859821886844706,2.9948231195249875,0.17616606585441102
177,0.0,0.0,-12.0,0.0,0.0,GLOBAL,28.793782511503945,2.9948231195249875,0.17616606585441102
178,0.0,0.0,-12.0,0.0,0.0,GLOBAL,28.899871574152105,2.9948231195249875,0.17616606585441102
179,0.0,0.0,-12.0,0.0,0.0,GLOBAL,28.794788331520287,2.9948231195249875,0.17616606585441102
180,0.0,0.0,-12.0,0.0,0.0,GLOBAL,28.961533604308396,2.9948231195249875,0.17616606585441102
181,0.0,0.0,-12.0,0.0,0.0,GLOBAL,28.836727301377604,2.9948231195249875,0.17616606585441102
182,0.0,0.0,-12.0,0.0,0.0,GLOBAL,28.86037848690334,2.9948231195249875,0.17616606585441102
183,0.0,0.0,-12.0,0.0,0.0,GLOBAL,28.816448613684564,2.9948231195249875,0.17616606585441102
184,0.0,0.0,-12.0,0.0,0.0,GLOBAL,28.870541868947203,2.9948231195249875,0.17616606585441102
185,0.0,0.0,-12.0,0.0,0.0,GLOBAL,28.897094884106853,2.9948231195249875,0.17616606585441102
186,0.0,0.0,-12.0,0.0,0.0,GLOBAL,28.911869107869002,2.9948231195249875,0.17616606585441102
187,0.0,0.0,-12.0,0.0,0.0,GLOBAL,28.820032649757735,2.9948231195249875,0.17616606585441102
188,0.0,0.0,-12.0,0.0,0.0,GLOBAL,28.81090827102283,2.9948231195249875,0.17616606585441102
189,0.0,0.0,-12.0,0.0,0.0,GLOBAL,28.812370112721812,2.9948231195249875,0.17616606585441102
190,0.0,0.0,-12.0,0.0,0.0,GLOBAL,28.81840665937831,2.9948231195249875,0.17616606585441102
191,0.0,0.0,-12.0,0.0,0.0,GLOBAL,28.857100843471017,2.9948231195249875,0.17616606585441102
192,0.0,0.0,-12.0,0.0,0.0,GLOBAL,28.807930627819815,2.9948231195249875,0.17616606585441102
193,0.0,0.0,-12.0,0.0,0.0,GLOBAL,28.878498784057644,2.9948231195249875,0.17616606585441102
194,0.0,0.0,-12.0,0.0,0.0,GLOBAL,28.872569601466875,2.9948231195249875,0.17616606585441102
195,0.0,0.0,-12.0,0.0,0.0,GLOBAL,28.785576145705996,2.9948231195249875,0.17616606585441102
196,0.0,0.0,-12.0,0.0,0.0,GLOBAL,28.863703124808417,2.9948231195249875,0.17616606585441102
197,0.0,0.0,-12.0,0.0,0.0,GLOBAL,28.92520566156686,2.9948231195249875,0.17616606585441102
198,0.0,0.0,-12.0,0.0,0.0,GLOBAL,28.847867263403018,2.9948231195249875,0.17616606585441102
199,0.0,0.0,-12.0,0.0,0.0,GLOBAL,28.929635691033265,2.9948231195249875,0.17616606585441102
200,0.0,0.0,-12.0,0.0,0.0,GLOBAL,28.913221120426563,2.9948231195249875,0.17616606585441102
201,0.0,0.0,-12.0,0.0,0.0,GLOBAL,28.829884221123688,2.9948231195249875,0.17616606585441102
202,0.0,0.0,-12.0,0.0,0.0,GLOBAL,28.91832219417796,2.9948231195249875,0.17616606585441102
203,0.0,0.0,-12.0,0.0,0.0,GLOBAL,28.832787928913117,2.9948231195249875,0.17616606585441102
204,0.0,0.0,-12.0,0.0,0.0,GLOBAL,28.84177672105569,2.9948231195249875,0.17616606585441102
205,0.0,0.0,-12.0,0.0,0.0,GLOBAL,28.822156166311395,2.9948231195249875,0.17616606585441102
206,0.0,0.0,-12.0,0.0,0.0,GLOBAL,28.915861789416674,2.9948231195249875,0.17616606585441102
207,0.0,0.0,-12.0,0.0,0.0,GLOBAL,28.815098447979526,2.9948231195249875,0.17616606585441102
208,0.0,0.0,-12.0,0.0,0.0,GLOBAL,28.84397749870519,2.9948231195249875,0.17616606585441102
209,0.0,0.0,-12.0,0.0,0.0,GLOBAL,28.858144124779493,2.9948231195249875,0.17616606585441102
210,0.0,0.0,-12.0,0.0,0.0,GLOBAL,28.892801069756494,2.9948231195249875,0.17616606585441102
211,0.0,0.0,-12.0,0.0,0.0,GLOBAL,28.852504924666455,2.9948231195249875,0.17616606585441102
212,0.0,0.0,-12.0,0.0,0.0,GLOBAL,28.83677260147728,2.9948231195249875,0.17616606585441102
213,0.0,0.0,-12.0,0.0,0.0,GLOBAL,28.793477829501285,2.9948231195249875,0.17616606585441102
214,0.0,0.0,-12.0,0.0,0.0,GLOBAL,28.863414250997895,2.9948231195249875,0.17616606585441102
215,0.0,0.0,-12.0,0.0,0.0,GLOBAL,28.882061667972604,2.9948231195249875,0.17616606585441102
216,0.0,0.0,-12.0,0.0,0.0,GLOBAL,28.746478321745865,2.9948231195249875,0.17616606585441102
217,0.0,0.0,-12.0,0.0,0.0,GLOBAL,28.895048604454008,2.9948231195249875,0.17616606585441102
218,0.0,0.0,-12.0,0.0,0.0,GLOBAL,28.831590694176757,2.9948231195249875,0.17616606585441102
219,0.0,0.0,-12.0,0.0,0.0,GLOBAL,28.834647725698318,2.9948231195249875,0.17616606585441102
220,0.0,0.0,-12.0,0.0,0.0,GLOBAL,28.85946897695809,2.9948231195249875,0.17616606585441102
221,0.0,0.0,-12.0,0.0,0.0,GLOBAL,28.877566994818746,2.9948231195249875,0.17616606585441102
222,0.0,0.0,-12.0,0.0,0.0,GLOBAL,28.725470547439013,2.9948231195249875,0.17616606585441102
223,0.0,0.0,-12.0,0.0,0.0,GLOBAL,28.908997347327794,2.9948231195249875,0.17616606585441102
224,0.0,0.0,-12.0,0.0,0.0,GLOBAL,28.89372655800889,2.9948231195249875,0.17616606585441102
225,0.0,0.0,-12.0,0.0,0.0,GLOBAL,28.817168824315,2.9948231195249875,0.17616606585441102
226,0.0,0.0,-12.0,0.0,0.0,GLOBAL,28.782841532185884,2.9948231195249875,0.17616606585441102
227,0.0,0.0,-12.0,0.0,0.0,GLOBAL,28.8299517470738,2.9948231195249875,0.17616606585441102
228,0.0,0.0,-12.0,0.0,0.0,GLOBAL,28.85437443792604,2.9948231195249875,0.17616606585441102
229,0.0,0.0,-12.0,0.0,0.0,GLOBAL,28.865545719643883,2.9948231195249875,0.17616606585441102
230,0.0,0.0,-12.0,0.0,0.0,GLOBAL,28.8226586850253,2.9948231195249875,0.17616606585441102
231,0.0,0.0,-12.0,0.0,0.0,GLOBAL,28.79681164664747,2.9948231195249875,0.17616606585441102
232,0.0,0.0,-12.0,0.0,0.0,GLOBAL,28.89255828783152,2.9948231195249875,0.17616606585441102
233,0.0,0.0,-12.0,0.0,0.0,GLOBAL,28.838290138007363,2.9948231195249875,0.17616606585441102
234,0.0,0.0,-12.0,0.0,0.0,GLOBAL,28.834878107083654,2.9948231195249875,0.17616606585441102
235,0.0,0.0,-12.0,0.0,0.0,GLOBAL,28.903950051296444,2.9948231195249875,0.17616606585441102
236,0.0,0.0,-12.0,0.0,0.0,GLOBAL,28.89063848300112,2.9948231195249875,0.17616606585441102
237,0.0,0.0,-12.0,0.0,0.0,GLOBAL,28.873058171826585,2.9948231195249875,0.17616606585441102
238,0.0,0.0,-12.0,0.0,0.0,GLOBAL,28.786068112645218,2.9948231195249875,0.17616606585441102
239,0.0,0.0,-12.0,0.0,0.0,GLOBAL,28.84982898975592,2.9948231195249875,0.17616606585441102
240,0.0,0.0,-12.0,0.0,0.0,GLOBAL,28.874811336715123,2.9948231195249875,0.17616606585441102
241,0.0,0.0,-12.0,0.0,0.0,GLOBAL,28.883119969013073,2.9948231195249875,0.17616606585441102
242,0.0,0.0,-12.0,0.0,0.0,GLOBAL,28.83888187200268,2.9948231195249875,0.17616606585441102
243,0.0,0.0,-12.0,0.0,0.0,GLOBAL,28.823313442050488,2.9948231195249875,0.17616606585441102
244,0.0,0.0,-12.0,0.0,0.0,GLOBAL,28.81638656934961,2.9948231195249875,0.17616606585441102
245,0.0,0.0,-12.0,0.0,0.0,GLOBAL,28.89768199602027,2.9948231195249875,0.17616606585441102
246,0.0,0.0,-12.0,0.0,0.0,GLOBAL,28.8365409237549,2.9948231195249875,0.17616606585441102
247,0.0,0.0,-12.0,0.0,0.0,GLOBAL,28.831552765425602,2.9948231195249875,0.17616606585441102
248,0.0,0.0,-12.0,0.0,0.0,GLOBAL,28.8186996124514,2.9948231195249875,0.17616606585441102
249,0.0,0.0,-12.0,0.0,0.0,GLOBAL,28.869990789407954,2.9948231195249875,0.17616606585441102
250,0.0,0.0,-12.0,0.0,0.0,GLOBAL,28.82243659999863,2.9948231195249875,0.17616606585441102
251,0.0,0.0,-12.0,0.0,0.0,GLOBAL,28.86798391644422,2.9948231195249875,0.17616606585441102
252,0.0,0.0,-12.0,0.0,0.0,GLOBAL,28.759052348485408,2.9948231195249875,0.17616606585441102
253,0.0,0.0,-12.0,0.0,0.0,GLOBAL,28.847237095136858,2.9948231195249875,0.17616606585441102
254,0.0,0.0,-12.0,0.0,0.0,GLOBAL,28.92662304918698,2.9948231195249875,0.17616606585441102
255,0.0,0.0,-12.0,0.0,0.0,GLOBAL,28.861175887238797,2.9948231195249875,0.17616606585441102
256,0.0,0.0,-12.0,0.0,0.0,GLOBAL,28.840693068452943,2.9948231195249875,0.17616606585441102
257,0.0,0.0,-12.0,0.0,0.0,GLOBAL,28.847849244733514,2.9948231195249875,0.17616606585441102
258,0.0,0.0,-12.0,0.0,0.0,GLOBAL,28.87279215492648,2.9948231195249875,0.17616606585441102
259,0.0,0.0,-12.0,0.0,0.0,GLOBAL,28.92102253860628,2.9948231195249875,0.17616606585441102
260,0.0,0.0,-12.0,0.0,0.0,GLOBAL,28.784403271142637,2.9948231195249875,0.17616606585441102
261,0.0,0.0,-12.0,0.0,0.0,GLOBAL,28.877449505837767,2.9948231195249875,0.17616606585441102
262,0.0,0.0,-12.0,0.0,0.0,GLOBAL,28.827319055273456,2.9948231195249875,0.17616606585441102
263,0.0,0.0,-12.0,0.0,0.0,GLOBAL,28.800316914253138,2.9948231195249875,0.17616606585441102
264,0.0,0.0,-12.0,0.0,0.0,GLOBAL,28.906235565894473,2.9948231195249875,0.17616606585441102
265,0.0,0.0,-12.0,0.0,0.0,GLOBAL,28.88547517529717,2.9948231195249875,0.17616606585441102
266,0.0,0.0,-12.0,0.0,0.0,GLOBAL,28.893158293685588,2.9948231195249875,0.17616606585441102
267,0.0,0.0,-12.0,0.0,0.0,GLOBAL,28.821556331428912,2.9948231195249875,0.17616606585441102
268,0.0,0.0,-12.0,0.0,0.0,GLOBAL,28.79144984599832,2.9948231195249875,0.17616606585441102
269,0.0,0.0,-12.0,0.0,0.0,GLOBAL,28.804040881898818,2.9948231195249875,0.17616606585441102
270,0.0,0.0,-12.0,0.0,0.0,GLOBAL,28.95891818773313,2.9948231195249875,0.17616606585441102
271,0.0,0.0,-12.0,0.0,0.0,GLOBAL,28.84647668752759,2.9948231195249875,0.17616606585441102
272,0.0,0.0,-12.0,0.0,0.0,GLOBAL,28.897203796686654,2.9948231195249875,0.17616606585441102
273,0.0,0.0,-12.0,0.0,0.0,GLOBAL,28.794193455550953,2.9948231195249875,0.17616606585441102
274,0.0,0.0,-12.0,0.0,0.0,GLOBAL,28.79338282163972,2.9948231195249875,0.17616606585441102
275,0.0,0.0,-12.0,0.0,0.0,GLOBAL,28.722212428350304,2.9948231195249875,0.17616606585441102
276,0.0,0.0,-12.0,0.0,0.0,GLOBAL,28.86614678295322,2.9948231195249875,0.17616606585441102
277,0.0,0.0,-12.0,0.0,0.0,GLOBAL,28.885929875809687,2.9948231195249875,0.17616606585441102
278,0.0,0.0,-12.0,0.0,0.0,GLOBAL,28.873309584775193,2.9948231195249875,0.17616606585441102
279,0.0,0.0,-12.0,0.0,0.0,GLOBAL,28.79787294801147,2.9948231195249875,0.17616606585441102
280,0.0,0.0,-12.0,0.0,0.0,GLOBAL,28.78684664400714,2.9948231195249875,0.17616606585441102
281,0.0,0.0,-12.0,0.0,0.0,GLOBAL,28.82819542085817,2.9948231195249875,0.17616606585441102
282,0.0,0.0,-12.0,0.0,0.0,GLOBAL,28.8027372680629,2.9948231195249875,0.17616606585441102
283,0.0,0.0,-12.0,0.0,0.0,GLOBAL,28.926819419709975,2.9948231195249875,0.17616606585441102
284,0.0,0.0,-12.0,0.0,0.0,GLOBAL,28.843582601844634,2.9948231195249875,0.17616606585441102
285,0.0,0.0,-12.0,0.0,0.0,GLOBAL,28.805338899698718,2.9948231195249875,0.17616606585441102
286,0.0,0.0,-12.0,0.0,0.0,GLOBAL,28.838281190512024,2.9948231195249875,0.17616606585441102
287,0.0,0.0,-12.0,0.0,0.0,GLOBAL,28.853233923999788,2.9948231195249875,0.17616606585441102
288,0.0,0.0,-12.0,0.0,0.0,GLOBAL,28.803876989937173,2.9948231195249875,0.17616606585441102
289,0.0,0.0,-12.0,0.0,0.0,GLOBAL,28.850414055416284,2.9948231195249875,0.17616606585441102
290,0.0,0.0,-12.0,0.0,0.0,GLOBAL,28.852823301102937,2.9948231195249875,0.17616606585441102
291,0.0,0.0,-12.0,0.0,0.0,GLOBAL,28.851133085535107,2.9948231195249875,0.17616606585441102
292,0.0,0.0,-12.0,0.0,0.0,GLOBAL,28.86981239842669,2.9948231195249875,0.17616606585441102
293,0.0,0.0,-12.0,0.0,0.0,GLOBAL,28.933670988536417,2.9948231195249875,0.17616606585441102
294,0.0,0.0,-12.0,0.0,0.0,GLOBAL,28.837786525722212,2.9948231195249875,0.17616606585441102
295,0.0,0.0,-12.0,0.0,0.0,GLOBAL,28.845416951264795,2.9948231195249875,0.17616606585441102
296,0.0,0.0,-12.0,0.0,0.0,GLOBAL,28.82924755768833,2.9948231195249875,0.17616606585441102
297,0.0,0.0,-12.0,0.0,0.0,GLOBAL,28.812121530891503,2.9948231195249875,0.17616606585441102
298,0.0,0.0,-12.0,0.0,0.0,GLOBAL,28.89600624931445,2.9948231195249875,0.17616606585441102
299,0.0,0.0,-12.0,0.0,0.0,GLOBAL,28.874762037903356,2.9948231195249875,0.17616606585441102
300,0.0,0.0,-12.0,0.0,0.0,GLOBAL,28.795807635241797,2.9948231195249875,0.17616606585441102
301,0.0,0.0,-12.0,0.0,0.0,GLOBAL,28.805325214444895,2.9948231195249875,0.17616606585441102
302,0.0,0.0,-12.0,0.0,0.0,GLOBAL,28.821583524347886,2.9948231195249875,0.17616606585441102
303,0.0,0.0,-12.0,0.0,0.0,GLOBAL,28.766035780017784,2.9948231195249875,0.17616606585441102
304,0.0,0.0,-12.0,0.0,0.0,GLOBAL,28.88821084573189,2.9948231195249875,0.17616606585441102
305,0.0,0.0,-12.0,0.0,0.0,GLOBAL,28.891252002981197,2.9948231195249875,0.17616606585441102
306,0.0,0.0,-12.0,0.0,0.0,GLOBAL,28.83255716660476,2.9948231195249875,0.17616606585441102
307,0.0,0.0,-12.0,0.0,0.0,GLOBAL,28.821961911684564,2.9948231195249875,0.17616606585441102
308,0.0,0.0,-12.0,0.0,0.0,GLOBAL,28.84353608079966,2.9948231195249875,0.17616606585441102
309,0.0,0.0,-12.0,0.0,0.0,GLOBAL,28.881894747445518,2.9948231195249875,0.17616606585441102
310,0.0,0.0,-12.0,0.0,0.0,GLOBAL,28.81663141932197,2.9948231195249875,0.17616606585441102
311,0.0,0.0,-12.0,0.0,0.0,GLOBAL,28.867636846427008,2.9948231195249875,0.17616606585441102
312,0.0,0.0,-12.0,0.0,0.0,GLOBAL,28.830175968020257,2.9948231195249875,0.17616606585441102
313,0.0,0.0,-12.0,0.0,0.0,GLOBAL,28.874818313610216,2.9948231195249875,0.17616606585441102
314,0.0,0.0,-12.0,0.0,0.0,GLOBAL,28.831719534321927,2.9948231195249875,0.17616606585441102
315,0.0,0.0,-12.0,0.0,0.0,GLOBAL,28.807489760939045,2.9948231195249875,0.17616606585441102
316,0.0,0.0,-12.0,0.0,0.0,GLOBAL,28.7331536550072,2.9948231195249875,0.17616606585441102
317,0.0,0.0,-12.0,0.0,0.0,GLOBAL,28.885798449410572,2.9948231195249875,0.17616606585441102
318,0.0,0.0,-12.0,0.0,0.0,GLOBAL,28.869501526244033,2.9948231195249875,0.17616606585441102
319,0.0,0.0,-12.0,0.0,0.0,GLOBAL,28.815362581340626,2.9948231195249875,0.17616606585441102
320,0.0,0.0,-12.0,0.0,0.0,GLOBAL,28.81674123374546,2.9948231195249875,0.17616606585441102
321,0.0,0.0,-12.0,0.0,0.0,GLOBAL,28.84976913666077,2.9948231195249875,0.17616606585441102
322,0.0,0.0,-12.0,0.0,0.0,GLOBAL,28.788889988076164,2.9948231195249875,0.17616606585441102
323,0.0,0.0,-12.0,0.0,0.0,GLOBAL,28.894964492549803,2.9948231195249875,0.17616606585441102
324,0.0,0.0,-12.0,0.0,0.0,GLOBAL,28.78387723439022,2.9948231195249875,0.17616606585441102
325,0.0,0.0,-12.0,0.0,0.0,GLOBAL,28.90789470829881,2.9948231195249875,0.17616606585441102
326,0.0,0.0,-12.0,0.0,0.0,GLOBAL,28.79115561349104,2.9948231195249875,0.17616606585441102
327,0.0,0.0,-12.0,0.0,0.0,GLOBAL,28.889967180561353,2.9948231195249875,0.17616606585441102
328,0.0,0.0,-12.0,0.0,0.0,GLOBAL,28.86729267503847,2.9948231195249875,0.17616606585441102
329,0.0,0.0,-12.0,0.0,0.0,GLOBAL,28.890412904211406,2.9948231195249875,0.17616606585441102
330,0.0,0.0,-12.0,0.0,0.0,GLOBAL,28.912065264555892,2.9948231195249875,0.17616606585441102
331,0.0,0.0,-12.0,0.0,0.0,GLOBAL,28.88524391396827,2.9948231195249875,0.17616606585441102
332,0.0,0.0,-12.0,0.0,0.0,GLOBAL,28.81665229900549,2.9948231195249875,0.17616606585441102
333,0.0,0.0,-12.0,0.0,0.0,GLOBAL,28.79612017745579,2.9948231195249875,0.17616606585441102
334,0.0,0.0,-12.0,0.0,0.0,GLOBAL,28.786167541347,2.9948231195249875,0.17616606585441102
335,0.0,0.0,-12.0,0.0,0.0,GLOBAL,28.86657516955548,2.9948231195249875,0.17616606585441102
336,0.0,0.0,-12.0,0.0,0.0,GLOBAL,28.919255490195763,2.9948231195249875,0.17616606585441102
337,0.0,0.0,-12.0,0.0,0.0,GLOBAL,28.827785637152278,2.9948231195249875,0.17616606585441102
338,0.0,0.0,-12.0,0.0,0.0,GLOBAL,28.839324681959653,2.9948231195249875,0.17616606585441102
339,0.0,0.0,-12.0,0.0,0.0,GLOBAL,28.837106798866404,2.9948231195249875,0.17616606585441102
340,0.0,0.0,-12.0,0.0,0.0,GLOBAL,28.854166433409763,2.9948231195249875,0.17616606585441102
341,0.0,0.0,-12.0,0.0,0.0,GLOBAL,28.860830721037086,2.9948231195249875,0.17616606585441102
342,0.0,0.0,-12.0,0.0,0.0,GLOBAL,28.869709102563977,2.9948231195249875,0.17616606585441102
343,0.0,0.0,-12.0,0.0,0.0,GLOBAL,28.871288839070335,2.9948231195249875,0.17616606585441102
344,0.0,0.0,-12.0,0.0,0.0,GLOBAL,28.88871069378429,2.9948231195249875,0.17616606585441102
345,0.0,0.0,-12.0,0.0,0.0,GLOBAL,28.784299239792862,2.9948231195249875,0.17616606585441102
346,0.0,0.0,-12.0,0.0,0.0,GLOBAL,28.991070675561847,2.9948231195249875,0.17616606585441102
347,0.0,0.0,-12.0,0.0,0.0,GLOBAL,28.80062109441808,2.9948231195249875,0.17616606585441102
348,0.0,0.0,-12.0,0.0,0.0,GLOBAL,28.878160665646366,2.9948231195249875,0.17616606585441102
349,0.0,0.0,-12.0,0.0,0.0,GLOBAL,28.89621560287001,2.9948231195249875,0.17616606585441102
350,0.0,0.0,-12.0,0.0,0.0,GLOBAL,28.82123022902136,2.9948231195249875,0.17616606585441102
351,0.0,0.0,-12.0,0.0,0.0,GLOBAL,28.771271149173053,2.9948231195249875,0.17616606585441102
352,0.0,0.0,-12.0,0.0,0.0,GLOBAL,28.951412571106417,2.9948231195249875,0.17616606585441102
353,0.0,0.0,-12.0,0.0,0.0,GLOBAL,28.918843924400893,2.9948231195249875,0.17616606585441102
354,0.0,0.0,-12.0,0.0,0.0,GLOBAL,28.866443831550104,2.9948231195249875,0.17616606585441102
355,0.0,0.0,-12.0,0.0,0.0,GLOBAL,28.83322514779199,2.9948231195249875,0.17616606585441102
356,0.0,0.0,-12.0,0.0,0.0,GLOBAL,28.809250443092196,2.9948231195249875,0.17616606585441102
357,0.0,0.0,-12.0,0.0,0.0,GLOBAL,28.91503879165775,2.9948231195249875,0.17616606585441102
358,0.0,0.0,-12.0,0.0,0.0,GLOBAL,28.822526941659355,2.9948231195249875,0.17616606585441102
359,0.0,0.0,-12.0,0.0,0.0,GLOBAL,28.917240246916567,2.9948231195249875,0.17616606585441102
360,0.0,0.0,-12.0,0.0,0.0,GLOBAL,28.834511204503137,2.9948231195249875,0.17616606585441102
361,0.0,0.0,-12.0,0.0,0.0,GLOBAL,28.74535102456734,2.9948231195249875,0.17616606585441102
362,0.0,0.0,-12.0,0.0,0.0,GLOBAL,28.819713478868884,2.9948231195249875,0.17616606585441102
363,0.0,0.0,-12.0,0.0,0.0,GLOBAL,28.89859306721163,2.9948231195249875,0.17616606585441102
364,0.0,0.0,-12.0,0.0,0.0,GLOBAL,28.822670865057965,2.9948231195249875,0.17616606585441102
365,0.0,0.0,-12.0,0.0,0.0,GLOBAL,28.862224671272486,2.9948231195249875,0.17616606585441102
366,0.0,0.0,-12.0,0.0,0.0,GLOBAL,28.847476639184155,2.9948231195249875,0.17616606585441102
367,0.0,0.0,-12.0,0.0,0.0,GLOBAL,28.903549685647864,2.9948231195249875,0.17616606585441102
368,0.0,0.0,-12.0,0.0,0.0,GLOBAL,28.85174469040576,2.9948231195249875,0.17616606585441102
369,0.0,0.0,-12.0,0.0,0.0,GLOBAL,28.76974124755215,2.9948231195249875,0.17616606585441102
370,0.0,0.0,-12.0,0.0,0.0,GLOBAL,28.94180288479934,2.9948231195249875,0.17616606585441102
371,0.0,0.0,-12.0,0.0,0.0,GLOBAL,28.820709024850178,2.9948231195249875,0.17616606585441102
372,0.0,0.0,-12.0,0.0,0.0,GLOBAL,28.917680642268053,2.9948231195249875,0.17616606585441102
373,0.0,0.0,-12.0,0.0,0.0,GLOBAL,28.774436927627733,2.9948231195249875,0.17616606585441102
374,0.0,0.0,-12.0,0.0,0.0,GLOBAL,28.914843177743503,2.9948231195249875,0.17616606585441102
375,0.0,0.0,-12.0,0.0,0.0,GLOBAL,28.851837205779034,2.9948231195249875,0.17616606585441102
376,0.0,0.0,-12.0,0.0,0.0,GLOBAL,28.831293699403165,2.9948231195249875,0.17616606585441102
377,0.0,0.0,-12.0,0.0,0.0,GLOBAL,28.898355525788446,2.9948231195249875,0.17616606585441102
378,0.0,0.0,-12.0,0.0,0.0,GLOBAL,28.850023305946603,2.9948231195249875,0.17616606585441102
379,0.0,0.0,-12.0,0.0,0.0,GLOBAL,28.862013556444584,2.9948231195249875,0.17616606585441102
380,0.0,0.0,-12.0,0.0,0.0,GLOBAL,28.90772705921462,2.9948231195249875,0.17616606585441102
381,0.0,0.0,-12.0,0.0,0.0,GLOBAL,28.897520373535713,2.9948231195249875,0.17616606585441102
382,0.0,0.0,-12.0,0.0,0.0,GLOBAL,28.96165703424033,2.9948231195249875,0.17616606585441102
383,0.0,0.0,-12.0,0.0,0.0,GLOBAL,28.814649432487236,2.9948231195249875,0.17616606585441102
384,0.0,0.0,-12.0,0.0,0.0,GLOBAL,28.881185670563433,2.9948231195249875,0.17616606585441102
385,0.0,0.0,-12.0,0.0,0.0,GLOBAL,28.9187040748119,2.9948231195249875,0.17616606585441102
386,0.0,0.0,-12.0,0.0,0.0,GLOBAL,28.89680564743772,2.9948231195249875,0.17616606585441102
387,0.0,0.0,-12.0,0.0,0.0,GLOBAL,28.791530953345685,2.9948231195249875,0.17616606585441102
388,0.0,0.0,-12.0,0.0,0.0,GLOBAL,28.878384948205902,2.9948231195249875,0.17616606585441102
389,0.0,0.0,-12.0,0.0,0.0,GLOBAL,28.85457020492538,2.9948231195249875,0.17616606585441102
390,0.0,0.0,-12.0,0.0,0.0,GLOBAL,28.93979420437264,2.9948231195249875,0.17616606585441102
391,0.0,0.0,-12.0,0.0,0.0,GLOBAL,28.83926771407966,2.9948231195249875,0.17616606585441102
392,0.0,0.0,-12.0,0.0,0.0,GLOBAL,28.827412339008127,2.9948231195249875,0.17616606585441102
393,0.0,0.0,-12.0,0.0,0.0,GLOBAL,28.894845866495142,2.9948231195249875,0.17616606585441102
394,0.0,0.0,-12.0,0.0,0.0,GLOBAL,28.875845215617037,2.9948231195249875,0.17616606585441102
395,0.0,0.0,-12.0,0.0,0.0,GLOBAL,28.861836353968744,2.9948231195249875,0.17616606585441102
396,0.0,0.0,-12.0,0.0,0.0,GLOBAL,28.750276017030444,2.9948231195249875,0.17616606585441102
397,0.0,0.0,-12.0,0.0,0.0,GLOBAL,28.8200152974714,2.9948231195249875,0.17616606585441102
398,0.0,0.0,-12.0,0.0,0.0,GLOBAL,28.843437493303156,2.9948231195249875,0.17616606585441102
399,0.0,0.0,-12.0,0.0,0.0,GLOBAL,28.796699546795043,2.9948231195249875,0.17616606585441102
400,0.0,0.0,-12.0,0.0,0.0,GLOBAL,28.88534735368449,2.9948231195249875,0.17616606585441102
401,0.0,0.0,-12.0,0.0,0.0,GLOBAL,28.86413675013144,2.9948231195249875,0.17616606585441102
402,0.0,0.0,-12.0,0.0,0.0,GLOBAL,28.872607857231788,2.9948231195249875,0.17616606585441102
403,0.0,0.0,-12.0,0.0,0.0,GLOBAL,28.87776065994405,2.9948231195249875,0.17616606585441102
404,0.0,0.0,-12.0,0.0,0.0,GLOBAL,28.820069019207974,2.9948231195249875,0.17616606585441102
405,0.0,0.0,-12.0,0.0,0.0,GLOBAL,28.871572326311508,2.9948231195249875,0.17616606585441102
406,0.0,0.0,-12.0,0.0,0.0,GLOBAL,28.857131558476805,2.9948231195249875,0.17616606585441102
407,0.0,0.0,-12.0,0.0,0.0,GLOBAL,28.86025161137137,2.9948231195249875,0.17616606585441102
408,0.0,0.0,-12.0,0.0,0.0,GLOBAL,28.8826026801317,2.9948231195249875,0.17616606585441102
409,0.0,0.0,-12.0,0.0,0.0,GLOBAL,28.80955116744485,2.9948231195249875,0.17616606585441102
410,0.0,0.0,-12.0,0.0,0.0,GLOBAL,28.88567004699632,2.9948231195249875,0.17616606585441102
411,0.0,0.0,-12.0,0.0,0.0,GLOBAL,28.7618552724979,2.9948231195249875,0.17616606585441102
412,0.0,0.0,-12.0,0.0,0.0,GLOBAL,28.86616319032496,2.9948231195249875,0.17616606585441102
413,0.0,0.0,-12.0,0.0,0.0,GLOBAL,28.821224512864326,2.9948231195249875,0.17616606585441102
414,0.0,0.0,-12.0,0.0,0.0,GLOBAL,28.8555530274506,2.9948231195249875,0.17616606585441102
415,0.0,0.0,-12.0,0.0,0.0,GLOBAL,28.733918517614057,2.9948231195249875,0.17616606585441102
416,0.0,0.0,-12.0,0.0,0.0,GLOBAL,28.847887629583603,2.9948231195249875,0.17616606585441102
417,0.0,0.0,-12.0,0.0,0.0,GLOBAL,28.826782263557387,2.9948231195249875,0.17616606585441102
418,0.0,0.0,-12.0,0.0,0.0,GLOBAL,28.863198695280502,2.9948231195249875,0.17616606585441102
419,0.0,0.0,-12.0,0.0,0.0,GLOBAL,28.87470237989463,2.9948231195249875,0.17616606585441102
420,0.0,0.0,-12.0,0.0,0.0,GLOBAL,28.887719092068778,2.9948231195249875,0.17616606585441102
421,0.0,0.0,-12.0,0.0,0.0,GLOBAL,28.817913915811133,2.9948231195249875,0.17616606585441102
422,0.0,0.0,-12.0,0.0,0.0,GLOBAL,28.834206140083168,2.9948231195249875,0.17616606585441102
423,0.0,0.0,-12.0,0.0,0.0,GLOBAL,28.926460194315553,2.9948231195249875,0.17616606585441102
424,0.0,0.0,-12.0,0.0,0.0,GLOBAL,28.863318099382248,2.9948231195249875,0.17616606585441102
425,0.0,0.0,-12.0,0.0,0.0,GLOBAL,28.88930645577233,2.9948231195249875,0.17616606585441102
426,0.0,0.0,-12.0,0.0,0.0,GLOBAL,28.880866478268967,2.9948231195249875,0.17616606585441102
427,0.0,0.0,-12.0,0.0,0.0,GLOBAL,28.898911881308504,2.9948231195249875,0.17616606585441102
428,0.0,0.0,-12.0,0.0,0.0,GLOBAL,28.889200052095127,2.9948231195249875,0.17616606585441102
429,0.0,0.0,-12.0,0.0,0.0,GLOBAL,28.76769624757905,2.9948231195249875,0.17616606585441102
430,0.0,0.0,-12.0,0.0,0.0,GLOBAL,28.7914337329867,2.9948231195249875,0.17616606585441102
431,0.0,0.0,-12.0,0.0,0.0,GLOBAL,28.78611523939966,2.9948231195249875,0.17616606585441102
432,0.0,0.0,-12.0,0.0,0.0,GLOBAL,28.82999589110427,2.9948231195249875,0.17616606585441102
433,0.0,0.0,-12.0,0.0,0.0,GLOBAL,28.874573004954986,2.9948231195249875,0.17616606585441102
434,0.0,0.0,-12.0,0.0,0.0,GLOBAL,28.849718768179283,2.9948231195249875,0.17616606585441102
435,0.0,0.0,-12.0,0.0,0.0,GLOBAL,28.80639975961764,2.9948231195249875,0.17616606585441102
436,0.0,0.0,-12.0,0.0,0.0,GLOBAL,28.807661163771602,2.9948231195249875,0.17616606585441102
437,0.0,0.0,-12.0,0.0,0.0,GLOBAL,28.841321968271586,2.9948231195249875,0.17616606585441102
438,0.0,0.0,-12.0,0.0,0.0,GLOBAL,28.967960610642823,2.9948231195249875,0.17616606585441102
439,0.0,0.0,-12.0,0.0,0.0,GLOBAL,28.83624544416524,2.9948231195249875,0.17616606585441102
440,0.0,0.0,-12.0,0.0,0.0,GLOBAL,28.79619327862441,2.9948231195249875,0.17616606585441102
441,0.0,0.0,-12.0,0.0,0.0,GLOBAL,28.802137165706498,2.9948231195249875,0.17616606585441102
442,0.0,0.0,-12.0,0.0,0.0,GLOBAL,28.84681836372344,2.9948231195249875,0.17616606585441102
443,0.0,0.0,-12.0,0.0,0.0,GLOBAL,28.89167528626192,2.9948231195249875,0.17616606585441102
444,0.0,0.0,-12.0,0.0,0.0,GLOBAL,28.902802081978205,2.9948231195249875,0.17616606585441102
445,0.0,0.0,-12.0,0.0,0.0,GLOBAL,28.895946453170748,2.9948231195249875,0.17616606585441102
446,0.0,0.0,-12.0,0.0,0.0,GLOBAL,28.724151707838395,2.9948231195249875,0.17616606585441102
447,0.0,0.0,-12.0,0.0,0.0,GLOBAL,28.871037302053676,2.9948231195249875,0.17616606585441102
448,0.0,0.0,-12.0,0.0,0.0,GLOBAL,28.742237756930173,2.9948231195249875,0.17616606585441102
449,0.0,0.0,-12.0,0.0,0.0,GLOBAL,28.86040458073093,2.9948231195249875,0.17616606585441102
450,0.0,0.0,-12.0,0.0,0.0,GLOBAL,28.76715451626784,2.9948231195249875,0.17616606585441102
451,0.0,0.0,-12.0,0.0,0.0,GLOBAL,28.827899710957745,2.9948231195249875,0.17616606585441102
452,0.0,0.0,-12.0,0.0,0.0,GLOBAL,28.90629342380308,2.9948231195249875,0.17616606585441102
453,0.0,0.0,-12.0,0.0,0.0,GLOBAL,28.888933591997755,2.9948231195249875,0.17616606585441102
454,0.0,0.0,-12.0,0.0,0.0,GLOBAL,28.88214261544683,2.9948231195249875,0.17616606585441102
455,0.0,0.0,-12.0,0.0,0.0,GLOBAL,28.85423426695635,2.9948231195249875,0.17616606585441102
456,0.0,0.0,-12.0,0.0,0.0,GLOBAL,28.78464813780676,2.9948231195249875,0.17616606585441102
457,0.0,0.0,-12.0,0.0,0.0,GLOBAL,28.791170296173846,2.9948231195249875,0.17616606585441102
458,0.0,0.0,-12.0,0.0,0.0,GLOBAL,28.784693344478736,2.9948231195249875,0.17616606585441102
459,0.0,0.0,-12.0,0.0,0.0,GLOBAL,28.766021829963364,2.9948231195249875,0.17616606585441102
460,0.0,0.0,-12.0,0.0,0.0,GLOBAL,28.89212889540397,2.9948231195249875,0.17616606585441102
461,0.0,0.0,-12.0,0.0,0.0,GLOBAL,28.858469021826235,2.9948231195249875,0.17616606585441102
462,0.0,0.0,-12.0,0.0,0.0,GLOBAL,28.891762206516738,2.9948231195249875,0.17616606585441102
463,0.0,0.0,-12.0,0.0,0.0,GLOBAL,28.786683798291236,2.9948231195249875,0.17616606585441102
464,0.0,0.0,-12.0,0.0,0.0,GLOBAL,28.80454915350107,2.9948231195249875,0.17616606585441102
465,0.0,0.0,-12.0,0.0,0.0,GLOBAL,28.87894532217021,2.9948231195249875,0.17616606585441102
466,0.0,0.0,-12.0,0.0,0.0,GLOBAL,28.83222726825665,2.9948231195249875,0.17616606585441102
467,0.0,0.0,-12.0,0.0,0.0,GLOBAL,28.906169472944136,2.9948231195249875,0.17616606585441102
468,0.0,0.0,-12.0,0.0,0.0,GLOBAL,28.905777892461117,2.9948231195249875,0.17616606585441102
469,0.0,0.0,-12.0,0.0,0.0,GLOBAL,28.799634246395573,2.9948231195249875,0.17616606585441102
470,0.0,0.0,-12.0,0.0,0.0,GLOBAL,28.969326151397574,2.9948231195249875,0.17616606585441102
471,0.0,0.0,-12.0,0.0,0.0,GLOBAL,28.828486838518373,2.9948231195249875,0.17616606585441102
472,0.0,0.0,-12.0,0.0,0.0,GLOBAL,28.892674834926964,2.9948231195249875,0.17616606585441102
473,0.0,0.0,-12.0,0.0,0.0,GLOBAL,28.907096458034253,2.9948231195249875,0.17616606585441102
474,0.0,0.0,-12.0,0.0,0.0,GLOBAL,28.790582933304638,2.9948231195249875,0.17616606585441102
475,0.0,0.0,-12.0,0.0,0.0,GLOBAL,28.832473227448084,2.9948231195249875,0.17616606585441102
476,0.0,0.0,-12.0,0.0,0.0,GLOBAL,28.849010556788205,2.9948231195249875,0.17616606585441102
477,0.0,0.0,-12.0,0.0,0.0,GLOBAL,28.86995848885123,2.9948231195249875,0.17616606585441102
478,0.0,0.0,-12.0,0.0,0.0,GLOBAL,28.86982580477524,2.9948231195249875,0.17616606585441102
479,0.0,0.0,-12.0,0.0,0.0,GLOBAL,28.773509695316548,2.9948231195249875,0.17616606585441102
480,0.0,0.0,-12.0,0.0,0.0,GLOBAL,28.778076787094044,2.9948231195249875,0.17616606585441102
481,0.0,0.0,-12.0,0.0,0.0,GLOBAL,28.82662242586896,2.9948231195249875,0.17616606585441102
482,0.0,0.0,-12.0,0.0,0.0,GLOBAL,28.850178126940506,2.9948231195249875,0.17616606585441102
483,0.0,0.0,-12.0,0.0,0.0,GLOBAL,28.79855019354582,2.9948231195249875,0.17616606585441102
484,0.0,0.0,-12.0,0.0,0.0,GLOBAL,28.86951155878811,2.9948231195249875,0.17616606585441102
485,0.0,0.0,-12.0,0.0,0.0,GLOBAL,28.841779503906743,2.9948231195249875,0.17616606585441102
486,0.0,0.0,-12.0,0.0,0.0,GLOBAL,28.827660976936976,2.9948231195249875,0.17616606585441102
487,0.0,0.0,-12.0,0.0,0.0,GLOBAL,28.74083633873722,2.9948231195249875,0.17616606585441102
488,0.0,0.0,-12.0,0.0,0.0,GLOBAL,28.92662752024123,2.9948231195249875,0.17616606585441102
489,0.0,0.0,-12.0,0.0,0.0,GLOBAL,28.963307065800524,2.9948231195249875,0.17616606585441102
490,0.0,0.0,-12.0,0.0,0.0,GLOBAL,28.924623677887045,2.9948231195249875,0.17616606585441102
491,0.0,0.0,-12.0,0.0,0.0,GLOBAL,28.80528978855798,2.9948231195249875,0.17616606585441102
492,0.0,0.0,-12.0,0.0,0.0,GLOBAL,28.780499846867023,2.9948231195249875,0.17616606585441102
493,0.0,0.0,-12.0,0.0,0.0,GLOBAL,28.784143108608014,2.9948231195249875,0.17616606585441102
494,0.0,0.0,-12.0,0.0,0.0,GLOBAL,28.84651662955022,2.9948231195249875,0.17616606585441102
495,0.0,0.0,-12.0,0.0,0.0,GLOBAL,28.786411084503648,2.9948231195249875,0.17616606585441102
496,0.0,0.0,-12.0,0.0,0.0,GLOBAL,28.86935390106678,2.9948231195249875,0.17616606585441102
497,0.0,0.0,-12.0,0.0,0.0,GLOBAL,28.907153048200524,2.9948231195249875,0.17616606585441102
498,0.0,0.0,-12.0,0.0,0.0,GLOBAL,28.803319729133165,2.9948231195249875,0.17616606585441102
499,0.0,0.0,-12.0,0.0,0.0,GLOBAL,28.83933253427291,2.9948231195249875,0.17616606585441102
500,0.0,0.0,-12.0,0.0,0.0,GLOBAL,28.786795939430174,2.9948231195249875,0.17616606585441102
501,0.0,0.0,-12.0,0.0,0.0,GLOBAL,28.959822767212152,2.9948231195249875,0.17616606585441102
502,0.0,0.0,-12.0,0.0,0.0,GLOBAL,28.802401824132936,2.9948231195249875,0.17616606585441102
503,0.0,0.0,-12.0,0.0,0.0,GLOBAL,28.81689791626971,2.9948231195249875,0.17616606585441102
504,0.0,0.0,-12.0,0.0,0.0,GLOBAL,28.832938885858507,2.9948231195249875,0.17616606585441102
505,0.0,0.0,-12.0,0.0,0.0,GLOBAL,28.83612673149175,2.9948231195249875,0.17616606585441102
506,0.0,0.0,-12.0,0.0,0.0,GLOBAL,28.900994177864064,2.9948231195249875,0.17616606585441102
507,0.0,0.0,-12.0,0.0,0.0,GLOBAL,28.903129283374838,2.9948231195249875,0.17616606585441102
508,0.0,0.0,-12.0,0.0,0.0,GLOBAL,28.79961867414687,2.9948231195249875,0.17616606585441102
509,0.0,0.0,-12.0,0.0,0.0,GLOBAL,28.845394124878997,2.9948231195249875,0.17616606585441102
510,0.0,0.0,-12.0,0.0,0.0,GLOBAL,28.813652243075513,2.9948231195249875,0.17616606585441102
511,0.0,0.0,-12.0,0.0,0.0,GLOBAL,28.892846851006468,2.9948231195249875,0.17616606585441102
512,0.0,0.0,-12.0,0.0,0.0,GLOBAL,28.91689835065664,2.9948231195249875,0.17616606585441102
513,0.0,0.0,-12.0,0.0,0.0,GLOBAL,28.8920116614609,2.9948231195249875,0.17616606585441102
514,0.0,0.0,-12.0,0.0,0.0,GLOBAL,28.805907844141093,2.9948231195249875,0.17616606585441102
515,0.0,0.0,-12.0,0.0,0.0,GLOBAL,28.84984623317332,2.9948231195249875,0.17616606585441102
516,0.0,0.0,-12.0,0.0,0.0,GLOBAL,28.878985435141573,2.9948231195249875,0.17616606585441102
517,0.0,0.0,-12.0,0.0,0.0,GLOBAL,28.880923572119823,2.9948231195249875,0.17616606585441102
518,0.0,0.0,-12.0,0.0,0.0,GLOBAL,28.84742446509488,2.9948231195249875,0.17616606585441102
519,0.0,0.0,-12.0,0.0,0.0,GLOBAL,28.83309757931048,2.9948231195249875,0.17616606585441102
520,0.0,0.0,-12.0,0.0,0.0,GLOBAL,28.80440402754574,2.9948231195249875,0.17616606585441102
521,0.0,0.0,-12.0,0.0,0.0,GLOBAL,28.891542868340455,2.9948231195249875,0.17616606585441102
522,0.0,0.0,-12.0,0.0,0.0,GLOBAL,28.74233348722214,2.9948231195249875,0.17616606585441102
523,0.0,0.0,-12.0,0.0,0.0,GLOBAL,28.871955841769537,2.9948231195249875,0.17616606585441102
524,0.0,0.0,-12.0,0.0,0.0,GLOBAL,28.895462793432262,2.9948231195249875,0.17616606585441102
525,0.0,0.0,-12.0,0.0,0.0,GLOBAL,28.776469537417114,2.9948231195249875,0.17616606585441102
526,0.0,0.0,-12.0,0.0,0.0,GLOBAL,28.876789323964285,2.9948231195249875,0.17616606585441102
527,0.0,0.0,-12.0,0.0,0.0,GLOBAL,28.958112650629708,2.9948231195249875,0.17616606585441102
528,0.0,0.0,-12.0,0.0,0.0,GLOBAL,28.808326633247777,2.9948231195249875,0.17616606585441102
529,0.0,0.0,-12.0,0.0,0.0,GLOBAL,28.855635248215542,2.9948231195249875,0.17616606585441102
530,0.0,0.0,-12.0,0.0,0.0,GLOBAL,28.773510271711263,2.9948231195249875,0.17616606585441102
531,0.0,0.0,-12.0,0.0,0.0,GLOBAL,28.794843088255462,2.9948231195249875,0.17616606585441102
532,0.0,0.0,-12.0,0.0,0.0,GLOBAL,28.84057385959859,2.9948231195249875,0.17616606585441102
533,0.0,0.0,-12.0,0.0,0.0,GLOBAL,28.782670962474914,2.9948231195249875,0.17616606585441102
534,0.0,0.0,-12.0,0.0,0.0,GLOBAL,28.858878414594848,2.9948231195249875,0.17616606585441102
535,0.0,0.0,-12.0,0.0,0.0,GLOBAL,28.796123822735293,2.9948231195249875,0.17616606585441102
536,0.0,0.0,-12.0,0.0,0.0,GLOBAL,28.84908815629758,2.9948231195249875,0.17616606585441102
537,0.0,0.0,-12.0,0.0,0.0,GLOBAL,28.82687530566583,2.9948231195249875,0.17616606585441102
538,0.0,0.0,-12.0,0.0,0.0,GLOBAL,28.831686642011466,2.9948231195249875,0.17616606585441102
539,0.0,0.0,-12.0,0.0,0.0,GLOBAL,28.858219533468436,2.9948231195249875,0.17616606585441102
540,0.0,0.0,-12.0,0.0,0.0,GLOBAL,28.86372459539389,2.9948231195249875,0.17616606585441102
541,0.0,0.0,-12.0,0.0,0.0,GLOBAL,28.815972016896332,2.9948231195249875,0.17616606585441102
542,0.0,0.0,-12.0,0.0,0.0,GLOBAL,28.892007078367666,2.9948231195249875,0.17616606585441102
543,0.0,0.0,-12.0,0.0,0.0,GLOBAL,28.951977668619396,2.9948231195249875,0.17616606585441102
544,0.0,0.0,-12.0,0.0,0.0,GLOBAL,28.805820190568983,2.9948231195249875,0.17616606585441102
545,0.0,0.0,-12.0,0.0,0.0,GLOBAL,28.81420137356638,2.9948231195249875,0.17616606585441102
546,0.0,0.0,-12.0,0.0,0.0,GLOBAL,28.845544071550318,2.9948231195249875,0.17616606585441102
547,0.0,0.0,-12.0,0.0,0.0,GLOBAL,28.804702652831516,2.9948231195249875,0.17616606585441102
548,0.0,0.0,-12.0,0.0,0.0,GLOBAL,28.848188037977064,2.9948231195249875,0.17616606585441102
549,0.0,0.0,-12.0,0.0,0.0,GLOBAL,28.8382097639958,2.9948231195249875,0.17616606585441102
550,0.0,0.0,-12.0,0.0,0.0,GLOBAL,28.821523468319008,2.9948231195249875,0.17616606585441102
551,0.0,0.0,-12.0,0.0,0.0,GLOBAL,28.81958953654171,2.9948231195249875,0.17616606585441102
552,0.0,0.0,-12.0,0.0,0.0,GLOBAL,28.836868163064675,2.9948231195249875,0.17616606585441102
553,0.0,0.0,-12.0,0.0,0.0,GLOBAL,28.81723330050298,2.9948231195249875,0.17616606585441102
554,0.0,0.0,-12.0,0.0,0.0,GLOBAL,28.857456314733152,2.9948231195249875,0.17616606585441102
555,0.0,0.0,-12.0,0.0,0.0,GLOBAL,28.879563175352065,2.9948231195249875,0.17616606585441102
556,0.0,0.0,-12.0,0.0,0.0,GLOBAL,28.914941738044266,2.9948231195249875,0.17616606585441102
557,0.0,0.0,-12.0,0.0,0.0,GLOBAL,28.87708342370366,2.9948231195249875,0.17616606585441102
558,0.0,0.0,-12.0,0.0,0.0,GLOBAL,28.900759859999354,2.9948231195249875,0.17616606585441102
559,0.0,0.0,-12.0,0.0,0.0,GLOBAL,28.85275490040921,2.9948231195249875,0.17616606585441102
560,0.0,0.0,-12.0,0.0,0.0,GLOBAL,28.786602688378373,2.9948231195249875,0.17616606585441102
561,0.0,0.0,-12.0,0.0,0.0,GLOBAL,28.814403647887747,2.9948231195249875,0.17616606585441102
562,0.0,0.0,-12.0,0.0,0.0,GLOBAL,28.867824759269283,2.9948231195249875,0.17616606585441102
563,0.0,0.0,-12.0,0.0,0.0,GLOBAL,28.850813473308115,2.9948231195249875,0.17616606585441102
564,0.0,0.0,-12.0,0.0,0.0,GLOBAL,28.813279552329465,2.9948231195249875,0.17616606585441102
565,0.0,0.0,-12.0,0.0,0.0,GLOBAL,28.830250338095354,2.9948231195249875,0.17616606585441102
566,0.0,0.0,-12.0,0.0,0.0,GLOBAL,28.896255713510943,2.9948231195249875,0.17616606585441102
567,0.0,0.0,-12.0,0.0,0.0,GLOBAL,28.774323202928358,2.9948231195249875,0.17616606585441102
568,0.0,0.0,-12.0,0.0,0.0,GLOBAL,28.7787520650459,2.9948231195249875,0.17616606585441102
569,0.0,0.0,-12.0,0.0,0.0,GLOBAL,28.889189502290094,2.9948231195249875,0.17616606585441102
570,0.0,0.0,-12.0,0.0,0.0,GLOBAL,28.86643110995169,2.9948231195249875,0.17616606585441102
571,0.0,0.0,-12.0,0.0,0.0,GLOBAL,28.877265821210514,2.9948231195249875,0.17616606585441102
572,0.0,0.0,-12.0,0.0,0.0,GLOBAL,28.825990939441144,2.9948231195249875,0.17616606585441102
573,0.0,0.0,-12.0,0.0,0.0,GLOBAL,28.78084098361635,2.9948231195249875,0.17616606585441102
574,0.0,0.0,-12.0,0.0,0.0,GLOBAL,28.821800695580365,2.9948231195249875,0.17616606585441102
575,0.0,0.0,-12.0,0.0,0.0,GLOBAL,28.881951728616833,2.9948231195249875,0.17616606585441102
576,0.0,0.0,-12.0,0.0,0.0,GLOBAL,28.92423645680106,2.9948231195249875,0.17616606585441102
577,0.0,0.0,-12.0,0.0,0.0,GLOBAL,28.829438769916347,2.9948231195249875,0.17616606585441102
578,0.0,0.0,-12.0,0.0,0.0,GLOBAL,28.83424640129111,2.9948231195249875,0.17616606585441102
579,0.0,0.0,-12.0,0.0,0.0,GLOBAL,28.756618212188044,2.9948231195249875,0.17616606585441102
580,0.0,0.0,-12.0,0.0,0.0,GLOBAL,28.853943603257463,2.9948231195249875,0.17616606585441102
581,0.0,0.0,-12.0,0.0,0.0,GLOBAL,28.830568879445867,2.9948231195249875,0.17616606585441102
582,0.0,0.0,-12.0,0.0,0.0,GLOBAL,28.83285110978238,2.9948231195249875,0.17616606585441102
583,0.0,0.0,-12.0,0.0,0.0,GLOBAL,28.893499550412056,2.9948231195249875,0.17616606585441102
584,0.0,0.0,-12.0,0.0,0.0,GLOBAL,28.863008681381395,2.9948231195249875,0.17616606585441102
585,0.0,0.0,-12.0,0.0,0.0,GLOBAL,28.85287267471009,2.9948231195249875,0.17616606585441102
586,0.0,0.0,-12.0,0.0,0.0,GLOBAL,28.91910383299419,2.9948231195249875,0.17616606585441102
587,0.0,0.0,-12.0,0.0,0.0,GLOBAL,28.81044760561534,2.9948231195249875,0.17616606585441102
588,0.0,0.0,-12.0,0.0,0.0,GLOBAL,28.826020909977323,2.9948231195249875,0.17616606585441102
589,0.0,0.0,-12.0,0.0,0.0,GLOBAL,28.867951660391892,2.9948231195249875,0.17616606585441102
590,0.0,0.0,-12.0,0.0,0.0,GLOBAL,28.842937537142603,2.9948231195249875,0.17616606585441102
591,0.0,0.0,-12.0,0.0,0.0,GLOBAL,28.834525202950925,2.9948231195249875,0.17616606585441102
592,0.0,0.0,-12.0,0.0,0.0,GLOBAL,28.875524676446943,2.9948231195249875,0.17616606585441102
593,0.0,0.0,-12.0,0.0,0.0,GLOBAL,28.917622454372538,2.9948231195249875,0.17616606585441102
594,0.0,0.0,-12.0,0.0,0.0,GLOBAL,28.78621675209865,2.9948231195249875,0.17616606585441102
595,0.0,0.0,-12.0,0.0,0.0,GLOBAL,28.876847016511807,2.9948231195249875,0.17616606585441102
596,0.0,0.0,-12.0,0.0,0.0,GLOBAL,28.93069189962604,2.9948231195249875,0.17616606585441102
597,0.0,0.0,-12.0,0.0,0.0,GLOBAL,28.749583197809088,2.9948231195249875,0.17616606585441102
598,0.0,0.0,-12.0,0.0,0.0,GLOBAL,28.82882655073037,2.9948231195249875,0.17616606585441102
599,0.0,0.0,-12.0,0.0,0.0,GLOBAL,28.845578241836048,2.9948231195249875,0.17616606585441102
600,0.0,0.0,-12.0,0.0,0.0,GLOBAL,28.840451684608965,2.9948231195249875,0.17616606585441102
601,0.0,0.0,-12.0,0.0,0.0,GLOBAL,28.92755006515796,2.9948231195249875,0.17616606585441102
602,0.0,0.0,-12.0,0.0,0.0,GLOBAL,28.827110125060415,2.9948231195249875,0.17616606585441102
603,0.0,0.0,-12.0,0.0,0.0,GLOBAL,28.808238179730363,2.9948231195249875,0.17616606585441102
604,0.0,0.0,-12.0,0.0,0.0,GLOBAL,28.77758898500078,2.9948231195249875,0.17616606585441102
605,0.0,0.0,-12.0,0.0,0.0,GLOBAL,28.8909365968407,2.9948231195249875,0.17616606585441102
606,0.0,0.0,-12.0,0.0,0.0,GLOBAL,28.851077318418493,2.9948231195249875,0.17616606585441102
607,0.0,0.0,-12.0,0.0,0.0,GLOBAL,28.852681045119,2.9948231195249875,0.17616606585441102
608,0.0,0.0,-12.0,0.0,0.0,GLOBAL,28.852414284708658,2.9948231195249875,0.17616606585441102
609,0.0,0.0,-12.0,0.0,0.0,GLOBAL,28.875513364065398,2.9948231195249875,0.17616606585441102
610,0.0,0.0,-12.0,0.0,0.0,GLOBAL,28.74876353931688,2.9948231195249875,0.17616606585441102
611,0.0,0.0,-12.0,0.0,0.0,GLOBAL,28.876663465788944,2.9948231195249875,0.17616606585441102
612,0.0,0.0,-12.0,0.0,0.0,GLOBAL,28.782306375771828,2.9948231195249875,0.17616606585441102
613,0.0,0.0,-12.0,0.0,0.0,GLOBAL,28.89908865037704,2.9948231195249875,0.17616606585441102
614,0.0,0.0,-12.0,0.0,0.0,GLOBAL,28.886081227035366,2.9948231195249875,0.17616606585441102
615,0.0,0.0,-12.0,0.0,0.0,GLOBAL,28.868879691170065,2.9948231195249875,0.17616606585441102
616,0.0,0.0,-12.0,0.0,0.0,GLOBAL,28.82794036705957,2.9948231195249875,0.17616606585441102
617,0.0,0.0,-12.0,0.0,0.0,GLOBAL,28.885607896822556,2.9948231195249875,0.17616606585441102
618,0.0,0.0,-12.0,0.0,0.0,GLOBAL,28.862803948024904,2.9948231195249875,0.17616606585441102
619,0.0,0.0,-12.0,0.0,0.0,GLOBAL,28.88696152987381,2.9948231195249875,0.17616606585441102
620,0.0,0.0,-12.0,0.0,0.0,GLOBAL,28.827263019444576,2.9948231195249875,0.17616606585441102
621,0.0,0.0,-12.0,0.0,0.0,GLOBAL,28.91586424281927,2.9948231195249875,0.17616606585441102
622,0.0,0.0,-12.0,0.0,0.0,GLOBAL,28.79742899296222,2.9948231195249875,0.17616606585441102
623,0.0,0.0,-12.0,0.0,0.0,GLOBAL,28.939784331838986,2.9948231195249875,0.17616606585441102
624,0.0,0.0,-12.0,0.0,0.0,GLOBAL,28.807645182155955,2.9948231195249875,0.17616606585441102
625,0.0,0.0,-12.0,0.0,0.0,GLOBAL,28.738380214495415,2.9948231195249875,0.17616606585441102
626,0.0,0.0,-12.0,0.0,0.0,GLOBAL,28.821853150950453,2.9948231195249875,0.17616606585441102
627,0.0,0.0,-12.0,0.0,0.0,GLOBAL,28.825141900283114,2.9948231195249875,0.17616606585441102
628,0.0,0.0,-12.0,0.0,0.0,GLOBAL,28.877084004300777,2.9948231195249875,0.17616606585441102
629,0.0,0.0,-12.0,0.0,0.0,GLOBAL,28.897056132264222,2.9948231195249875,0.17616606585441102
630,0.0,0.0,-12.0,0.0,0.0,GLOBAL,28.862389540968376,2.9948231195249875,0.17616606585441102
631,0.0,0.0,-12.0,0.0,0.0,GLOBAL,28.85260739763877,2.9948231195249875,0.17616606585441102
632,0.0,0.0,-12.0,0.0,0.0,GLOBAL,28.78976400470825,2.9948231195249875,0.17616606585441102
633,0.0,0.0,-12.0,0.0,0.0,GLOBAL,28.908223589697158,2.9948231195249875,0.17616606585441102
634,0.0,0.0,-12.0,0.0,0.0,GLOBAL,28.814020019878154,2.9948231195249875,0.17616606585441102
635,0.0,0.0,-12.0,0.0,0.0,GLOBAL,28.822356641007694,2.9948231195249875,0.17616606585441102
636,0.0,0.0,-12.0,0.0,0.0,GLOBAL,28.90065386853025,2.9948231195249875,0.17616606585441102
637,0.0,0.0,-12.0,0.0,0.0,GLOBAL,28.7948867919225,2.9948231195249875,0.17616606585441102
638,0.0,0.0,-12.0,0.0,0.0,GLOBAL,28.946256694078528,2.9948231195249875,0.17616606585441102
639,0.0,0.0,-12.0,0.0,0.0,GLOBAL,28.906861410632484,2.9948231195249875,0.17616606585441102
640,0.0,0.0,-12.0,0.0,0.0,GLOBAL,28.86647333641995,2.9948231195249875,0.17616606585441102
641,0.0,0.0,-12.0,0.0,0.0,GLOBAL,28.8562716433452,2.9948231195249875,0.17616606585441102
642,0.0,0.0,-12.0,0.0,0.0,GLOBAL,28.834338582740155,2.9948231195249875,0.17616606585441102
643,0.0,0.0,-12.0,0.0,0.0,GLOBAL,28.888526729482955,2.9948231195249875,0.17616606585441102
644,0.0,0.0,-12.0,0.0,0.0,GLOBAL,28.91423398366177,2.9948231195249875,0.17616606585441102
645,0.0,0.0,-12.0,0.0,0.0,GLOBAL,28.910564198470503,2.9948231195249875,0.17616606585441102
646,0.0,0.0,-12.0,0.0,0.0,GLOBAL,28.920837578995833,2.9948231195249875,0.17616606585441102
647,0.0,0.0,-12.0,0.0,0.0,GLOBAL,28.947762327719946,2.9948231195249875,0.17616606585441102
648,0.0,0.0,-12.0,0.0,0.0,GLOBAL,28.8551779529594,2.9948231195249875,0.17616606585441102
649,0.0,0.0,-12.0,0.0,0.0,GLOBAL,28.86836728632262,2.9948231195249875,0.17616606585441102
650,0.0,0.0,-12.0,0.0,0.0,GLOBAL,28.917558716463418,2.9948231195249875,0.17616606585441102
651,0.0,0.0,-12.0,0.0,0.0,GLOBAL,28.88876401104398,2.9948231195249875,0.17616606585441102
652,0.0,0.0,-12.0,0.0,0.0,GLOBAL,28.84858460040382,2.9948231195249875,0.17616606585441102
653,0.0,0.0,-12.0,0.0,0.0,GLOBAL,28.798211278231776,2.9948231195249875,0.17616606585441102
654,0.0,0.0,-12.0,0.0,0.0,GLOBAL,28.7730204435678,2.9948231195249875,0.17616606585441102
655,0.0,0.0,-12.0,0.0,0.0,GLOBAL,28.861978238685882,2.9948231195249875,0.17616606585441102
656,0.0,0.0,-12.0,0.0,0.0,GLOBAL,28.787364171235815,2.9948231195249875,0.17616606585441102
657,0.0,0.0,-12.0,0.0,0.0,GLOBAL,28.871872571510515,2.9948231195249875,0.17616606585441102
658,0.0,0.0,-12.0,0.0,0.0,GLOBAL,28.791466781102184,2.9948231195249875,0.17616606585441102
659,0.0,0.0,-12.0,0.0,0.0,GLOBAL,28.8072680464357,2.9948231195249875,0.17616606585441102
660,0.0,0.0,-12.0,0.0,0.0,GLOBAL,28.764658821102458,2.9948231195249875,0.17616606585441102
661,0.0,0.0,-12.0,0.0,0.0,GLOBAL,28.943254336748932,2.9948231195249875,0.17616606585441102
662,0.0,0.0,-12.0,0.0,0.0,GLOBAL,28.853879342178537,2.9948231195249875,0.17616606585441102
663,0.0,0.0,-12.0,0.0,0.0,GLOBAL,28.82413568075956,2.9948231195249875,0.17616606585441102
664,0.0,0.0,-12.0,0.0,0.0,GLOBAL,28.827098862069658,2.9948231195249875,0.17616606585441102
665,0.0,0.0,-12.0,0.0,0.0,GLOBAL,28.907469089920006,2.9948231195249875,0.17616606585441102
666,0.0,0.0,-12.0,0.0,0.0,GLOBAL,28.844010985963248,2.9948231195249875,0.17616606585441102
667,0.0,0.0,-12.0,0.0,0.0,GLOBAL,28.8445795320251,2.9948231195249875,0.17616606585441102
668,0.0,0.0,-12.0,0.0,0.0,GLOBAL,28.82340727404558,2.9948231195249875,0.17616606585441102
669,0.0,0.0,-12.0,0.0,0.0,GLOBAL,28.824810865922203,2.9948231195249875,0.17616606585441102
670,0.0,0.0,-12.0,0.0,0.0,GLOBAL,28.778554840294003,2.9948231195249875,0.17616606585441102
671,0.0,0.0,-12.0,0.0,0.0,GLOBAL,28.896787386920153,2.9948231195249875,0.17616606585441102
672,0.0,0.0,-12.0,0.0,0.0,GLOBAL,28.811110964359052,2.9948231195249875,0.17616606585441102
673,0.0,0.0,-12.0,0.0,0.0,GLOBAL,28.916194481556296,2.9948231195249875,0.17616606585441102
674,0.0,0.0,-12.0,0.0,0.0,GLOBAL,28.889762176569175,2.9948231195249875,0.17616606585441102
675,0.0,0.0,-12.0,0.0,0.0,GLOBAL,28.873385239465108,2.9948231195249875,0.17616606585441102
676,0.0,0.0,-12.0,0.0,0.0,GLOBAL,28.823726662939862,2.9948231195249875,0.17616606585441102
677,0.0,0.0,-12.0,0.0,0.0,GLOBAL,28.829503472352666,2.9948231195249875,0.17616606585441102
678,0.0,0.0,-12.0,0.0,0.0,GLOBAL,28.85132365598149,2.9948231195249875,0.17616606585441102
679,0.0,0.0,-12.0,0.0,0.0,GLOBAL,28.803918574772734,2.9948231195249875,0.17616606585441102
680,0.0,0.0,-12.0,0.0,0.0,GLOBAL,28.755752716780798,2.9948231195249875,0.17616606585441102
681,0.0,0.0,-12.0,0.0,0.0,GLOBAL,28.96697274844748,2.9948231195249875,0.17616606585441102
682,0.0,0.0,-12.0,0.0,0.0,GLOBAL,28.802667502460455,2.9948231195249875,0.17616606585441102
683,0.0,0.0,-12.0,0.0,0.0,GLOBAL,28.91011369920531,2.9948231195249875,0.17616606585441102
684,0.0,0.0,-12.0,0.0,0.0,GLOBAL,28.868415043115068,2.9948231195249875,0.17616606585441102
685,0.0,0.0,-12.0,0.0,0.0,GLOBAL,28.82113856833132,2.9948231195249875,0.17616606585441102
686,0.0,0.0,-12.0,0.0,0.0,GLOBAL,28.80367777811982,2.9948231195249875,0.17616606585441102
687,0.0,0.0,-12.0,0.0,0.0,GLOBAL,28.774719320692583,2.9948231195249875,0.17616606585441102
688,0.0,0.0,-12.0,0.0,0.0,GLOBAL,28.884140101065398,2.9948231195249875,0.17616606585441102
689,0.0,0.0,-12.0,0.0,0.0,GLOBAL,28.7789363573137,2.9948231195249875,0.17616606585441102
690,0.0,0.0,-12.0,0.0,0.0,GLOBAL,28.812140736246914,2.9948231195249875,0.17616606585441102
691,0.0,0.0,-12.0,0.0,0.0,GLOBAL,28.684503886877334,2.9948231195249875,0.17616606585441102
692,0.0,0.0,-12.0,0.0,0.0,GLOBAL,28.863911907847704,2.9948231195249875,0.17616606585441102
693,0.0,0.0,-12.0,0.0,0.0,GLOBAL,28.87310997593057,2.9948231195249875,0.17616606585441102
694,0.0,0.0,-12.0,0.0,0.0,GLOBAL,28.946724630053804,2.9948231195249875,0.17616606585441102
695,0.0,0.0,-12.0,0.0,0.0,GLOBAL,28.787201512053898,2.9948231195249875,0.17616606585441102
696,0.0,0.0,-12.0,0.0,0.0,GLOBAL,28.804692805650703,2.9948231195249875,0.17616606585441102
697,0.0,0.0,-12.0,0.0,0.0,GLOBAL,28.739915648824894,2.9948231195249875,0.17616606585441102
698,0.0,0.0,-12.0,0.0,0.0,GLOBAL,28.844071224320896,2.9948231195249875,0.17616606585441102
699,0.0,0.0,-12.0,0.0,0.0,GLOBAL,28.903822707369777,2.9948231195249875,0.17616606585441102
700,0.0,0.0,-12.0,0.0,0.0,GLOBAL,28.862656669464094,2.9948231195249875,0.17616606585441102
701,0.0,0.0,-12.0,0.0,0.0,GLOBAL,28.754952538403046,2.9948231195249875,0.17616606585441102
702,0.0,0.0,-12.0,0.0,0.0,GLOBAL,28.91837343317339,2.9948231195249875,0.17616606585441102
703,0.0,0.0,-12.0,0.0,0.0,GLOBAL,28.841920211945567,2.9948231195249875,0.17616606585441102
704,0.0,0.0,-12.0,0.0,0.0,GLOBAL,28.81796442604111,2.9948231195249875,0.17616606585441102
705,0.0,0.0,-12.0,0.0,0.0,GLOBAL,28.883993400327462,2.9948231195249875,0.17616606585441102
706,0.0,0.0,-12.0,0.0,0.0,GLOBAL,28.804048356513775,2.9948231195249875,0.17616606585441102
707,0.0,0.0,-12.0,0.0,0.0,GLOBAL,28.8998479277386,2.9948231195249875,0.17616606585441102
708,0.0,0.0,-12.0,0.0,0.0,GLOBAL,28.80534759551196,2.9948231195249875,0.17616606585441102
709,0.0,0.0,-12.0,0.0,0.0,GLOBAL,28.905409898254046,2.9948231195249875,0.17616606585441102
710,0.0,0.0,-12.0,0.0,0.0,GLOBAL,28.904065560848423,2.9948231195249875,0.17616606585441102
711,0.0,0.0,-12.0,0.0,0.0,GLOBAL,28.902507692628117,2.9948231195249875,0.17616606585441102
712,0.0,0.0,-12.0,0.0,0.0,GLOBAL,28.875423201931874,2.9948231195249875,0.17616606585441102
713,0.0,0.0,-12.0,0.0,0.0,GLOBAL,28.84133797602777,2.9948231195249875,0.17616606585441102
714,0.0,0.0,-12.0,0.0,0.0,GLOBAL,28.863939297307148,2.9948231195249875,0.17616606585441102
715,0.0,0.0,-12.0,0.0,0.0,GLOBAL,28.85129956782515,2.9948231195249875,0.17616606585441102
716,0.0,0.0,-12.0,0.0,0.0,GLOBAL,28.811928973397887,2.9948231195249875,0.17616606585441102
717,0.0,0.0,-12.0,0.0,0.0,GLOBAL,28.83912882033178,2.9948231195249875,0.17616606585441102
718,0.0,0.0,-12.0,0.0,0.0,GLOBAL,28.87247835940505,2.9948231195249875,0.17616606585441102
719,0.0,0.0,-12.0,0.0,0.0,GLOBAL,28.836201662254435,2.9948231195249875,0.17616606585441102
720,0.0,0.0,-12.0,0.0,0.0,GLOBAL,28.829025208236267,2.9948231195249875,0.17616606585441102
721,0.0,0.0,-12.0,0.0,0.0,GLOBAL,28.817113785588475,2.9948231195249875,0.17616606585441102
722,0.0,0.0,-12.0,0.0,0.0,GLOBAL,28.776119218033976,2.9948231195249875,0.17616606585441102
723,0.0,0.0,-12.0,0.0,0.0,GLOBAL,28.88693533156958,2.9948231195249875,0.17616606585441102
724,0.0,0.0,-12.0,0.0,0.0,GLOBAL,28.819562646830114,2.9948231195249875,0.17616606585441102
725,0.0,0.0,-12.0,0.0,0.0,GLOBAL,28.8171389766089,2.9948231195249875,0.17616606585441102
726,0.0,0.0,-12.0,0.0,0.0,GLOBAL,28.93756250852055,2.9948231195249875,0.17616606585441102
727,0.0,0.0,-12.0,0.0,0.0,GLOBAL,28.849516960261955,2.9948231195249875,0.17616606585441102
728,0.0,0.0,-12.0,0.0,0.0,GLOBAL,28.83413043079965,2.9948231195249875,0.17616606585441102
729,0.0,0.0,-12.0,0.0,0.0,GLOBAL,28.838474531978385,2.9948231195249875,0.17616606585441102
730,0.0,0.0,-12.0,0.0,0.0,GLOBAL,28.786598675337004,2.9948231195249875,0.17616606585441102
731,0.0,0.0,-12.0,0.0,0.0,GLOBAL,28.909357552647272,2.9948231195249875,0.17616606585441102
732,0.0,0.0,-12.0,0.0,0.0,GLOBAL,28.854290822995555,2.9948231195249875,0.17616606585441102
733,0.0,0.0,-12.0,0.0,0.0,GLOBAL,28.80502228493358,2.9948231195249875,0.17616606585441102
734,0.0,0.0,-12.0,0.0,0.0,GLOBAL,28.864223355577277,2.9948231195249875,0.17616606585441102
735,0.0,0.0,-12.0,0.0,0.0,GLOBAL,28.90377076908817,2.9948231195249875,0.17616606585441102
736,0.0,0.0,-12.0,0.0,0.0,GLOBAL,28.820972665624076,2.9948231195249875,0.17616606585441102
737,0.0,0.0,-12.0,0.0,0.0,GLOBAL,28.832335024079466,2.9948231195249875,0.17616606585441102
738,0.0,0.0,-12.0,0.0,0.0,GLOBAL,28.908385703935398,2.9948231195249875,0.17616606585441102
739,0.0,0.0,-12.0,0.0,0.0,GLOBAL,28.806256397922063,2.9948231195249875,0.17616606585441102
740,0.0,0.0,-12.0,0.0,0.0,GLOBAL,28.883349237009647,2.9948231195249875,0.17616606585441102
741,0.0,0.0,-12.0,0.0,0.0,GLOBAL,28.83254713037885,2.9948231195249875,0.17616606585441102
742,0.0,0.0,-12.0,0.0,0.0,GLOBAL,28.85340054529554,2.9948231195249875,0.17616606585441102
743,0.0,0.0,-12.0,0.0,0.0,GLOBAL,28.899398472402,2.9948231195249875,0.17616606585441102
744,0.0,0.0,-12.0,0.0,0.0,GLOBAL,28.85018443267202,2.9948231195249875,0.17616606585441102
745,0.0,0.0,-12.0,0.0,0.0,GLOBAL,28.84130729442555,2.9948231195249875,0.17616606585441102
746,0.0,0.0,-12.0,0.0,0.0,GLOBAL,28.788505139491274,2.9948231195249875,0.17616606585441102
747,0.0,0.0,-12.0,0.0,0.0,GLOBAL,28.74823334480316,2.9948231195249875,0.17616606585441102
748,0.0,0.0,-12.0,0.0,0.0,GLOBAL,28.819978473712574,2.9948231195249875,0.17616606585441102
749,0.0,0.0,-12.0,0.0,0.0,GLOBAL,28.848578287419247,2.9948231195249875,0.17616606585441102
750,0.0,0.0,-12.0,0.0,0.0,GLOBAL,28.88565447448171,2.9948231195249875,0.17616606585441102
751,0.0,0.0,-12.0,0.0,0.0,GLOBAL,28.857948840106122,2.9948231195249875,0.17616606585441102
752,0.0,0.0,-12.0,0.0,0.0,GLOBAL,28.910613956117416,2.9948231195249875,0.17616606585441102
753,0.0,0.0,-12.0,0.0,0.0,GLOBAL,28.921055746852556,2.9948231195249875,0.17616606585441102
754,0.0,0.0,-12.0,0.0,0.0,GLOBAL,28.917948968385204,2.9948231195249875,0.17616606585441102
755,0.0,0.0,-12.0,0.0,0.0,GLOBAL,28.86973915491476,2.9948231195249875,0.17616606585441102
756,0.0,0.0,-12.0,0.0,0.0,GLOBAL,28.83741787539476,2.9948231195249875,0.17616606585441102
757,0.0,0.0,-12.0,0.0,0.0,GLOBAL,28.816436434225228,2.9948231195249875,0.17616606585441102
758,0.0,0.0,-12.0,0.0,0.0,GLOBAL,28.79767078636744,2.9948231195249875,0.17616606585441102
759,0.0,0.0,-12.0,0.0,0.0,GLOBAL,28.853054793711344,2.9948231195249875,0.17616606585441102
760,0.0,0.0,-12.0,0.0,0.0,GLOBAL,28.874430645045035,2.9948231195249875,0.17616606585441102
761,0.0,0.0,-12.0,0.0,0.0,GLOBAL,28.894600214564843,2.9948231195249875,0.17616606585441102
762,0.0,0.0,-12.0,0.0,0.0,GLOBAL,28.83559580326658,2.9948231195249875,0.17616606585441102
763,0.0,0.0,-12.0,0.0,0.0,GLOBAL,28.889022113601236,2.9948231195249875,0.17616606585441102
764,0.0,0.0,-12.0,0.0,0.0,GLOBAL,28.86219986840882,2.9948231195249875,0.17616606585441102
765,0.0,0.0,-12.0,0.0,0.0,GLOBAL,28.876770116083776,2.9948231195249875,0.17616606585441102
766,0.0,0.0,-12.0,0.0,0.0,GLOBAL,28.91025920232027,2.9948231195249875,0.17616606585441102
767,0.0,0.0,-12.0,0.0,0.0,GLOBAL,28.899793370685632,2.9948231195249875,0.17616606585441102
768,0.0,0.0,-12.0,0.0,0.0,GLOBAL,28.921407176767325,2.9948231195249875,0.17616606585441102
769,0.0,0.0,-12.0,0.0,0.0,GLOBAL,28.839983869029897,2.9948231195249875,0.17616606585441102
770,0.0,0.0,-12.0,0.0,0.0,GLOBAL,28.819322029509312,2.9948231195249875,0.17616606585441102
771,0.0,0.0,-12.0,0.0,0.0,GLOBAL,28.879851101254676,2.9948231195249875,0.17616606585441102
772,0.0,0.0,-12.0,0.0,0.0,GLOBAL,28.903004334494696,2.9948231195249875,0.17616606585441102
773,0.0,0.0,-12.0,0.0,0.0,GLOBAL,28.930142070022875,2.9948231195249875,0.17616606585441102
774,0.0,0.0,-12.0,0.0,0.0,GLOBAL,28.83125706975067,2.9948231195249875,0.17616606585441102
775,0.0,0.0,-12.0,0.0,0.0,GLOBAL,28.79169487434294,2.9948231195249875,0.17616606585441102
776,0.0,0.0,-12.0,0.0,0.0,GLOBAL,28.795965649565257,2.9948231195249875,0.17616606585441102
777,0.0,0.0,-12.0,0.0,0.0,GLOBAL,28.857397981366283,2.9948231195249875,0.17616606585441102
778,0.0,0.0,-12.0,0.0,0.0,GLOBAL,28.82207163653707,2.9948231195249875,0.17616606585441102
779,0.0,0.0,-12.0,0.0,0.0,GLOBAL,28.86256396766447,2.9948231195249875,0.17616606585441102
780,0.0,0.0,-12.0,0.0,0.0,GLOBAL,28.835933845212878,2.9948231195249875,0.17616606585441102
781,0.0,0.0,-12.0,0.0,0.0,GLOBAL,28.845863650246873,2.9948231195249875,0.17616606585441102
782,0.0,0.0,-12.0,0.0,0.0,GLOBAL,28.891619239295753,2.9948231195249875,0.17616606585441102
783,0.0,0.0,-12.0,0.0,0.0,GLOBAL,28.820927625165982,2.9948231195249875,0.17616606585441102
784,0.0,0.0,-12.0,0.0,0.0,GLOBAL,28.809752727553633,2.9948231195249875,0.17616606585441102
785,0.0,0.0,-12.0,0.0,0.0,GLOBAL,28.852999517389723,2.9948231195249875,0.17616606585441102
786,0.0,0.0,-12.0,0.0,0.0,GLOBAL,28.858176575018764,2.9948231195249875,0.17616606585441102
787,0.0,0.0,-12.0,0.0,0.0,GLOBAL,28.811583234575462,2.9948231195249875,0.17616606585441102
788,0.0,0.0,-12.0,0.0,0.0,GLOBAL,28.879565003738637,2.9948231195249875,0.17616606585441102
789,0.0,0.0,-12.0,0.0,0.0,GLOBAL,28.788757218774382,2.9948231195249875,0.17616606585441102
790,0.0,0.0,-12.0,0.0,0.0,GLOBAL,28.906101564819487,2.9948231195249875,0.17616606585441102
791,0.0,0.0,-12.0,0.0,0.0,GLOBAL,28.947440113939173,2.9948231195249875,0.17616606585441102
792,0.0,0.0,-12.0,0.0,0.0,GLOBAL,28.844994053377558,2.9948231195249875,0.17616606585441102
793,0.0,0.0,-12.0,0.0,0.0,GLOBAL,28.789426431818956,2.9948231195249875,0.17616606585441102
794,0.0,0.0,-12.0,0.0,0.0,GLOBAL,28.777417401026117,2.9948231195249875,0.17616606585441102
795,0.0,0.0,-12.0,0.0,0.0,GLOBAL,28.84399072940333,2.9948231195249875,0.17616606585441102
796,0.0,0.0,-12.0,0.0,0.0,GLOBAL,28.866956224061894,2.9948231195249875,0.17616606585441102
797,0.0,0.0,-12.0,0.0,0.0,GLOBAL,28.86060465082572,2.9948231195249875,0.17616606585441102
798,0.0,0.0,-12.0,0.0,0.0,GLOBAL,28.873769522183387,2.9948231195249875,0.17616606585441102
799,0.0,0.0,-12.0,0.0,0.0,GLOBAL,28.804571240383666,2.9948231195249875,0.17616606585441102
800,0.0,0.0,-12.0,0.0,0.0,GLOBAL,28.77340333162539,2.9948231195249875,0.17616606585441102
801,0.0,0.0,-12.0,0.0,0.0,GLOBAL,28.89501589494937,2.9948231195249875,0.17616606585441102
802,0.0,0.0,-12.0,0.0,0.0,GLOBAL,28.89133864732049,2.9948231195249875,0.17616606585441102
803,0.0,0.0,-12.0,0.0,0.0,GLOBAL,28.690705778610173,2.9948231195249875,0.17616606585441102
804,0.0,0.0,-12.0,0.0,0.0,GLOBAL,28.910139346902003,2.9948231195249875,0.17616606585441102
805,0.0,0.0,-12.0,0.0,0.0,GLOBAL,28.797857471215423,2.9948231195249875,0.17616606585441102
806,0.0,0.0,-12.0,0.0,0.0,GLOBAL,28.834883443012746,2.9948231195249875,0.17616606585441102
807,0.0,0.0,-12.0,0.0,0.0,GLOBAL,28.93460200880224,2.9948231195249875,0.17616606585441102
808,0.0,0.0,-12.0,0.0,0.0,GLOBAL,28.79582051279725,2.9948231195249875,0.17616606585441102
809,0.0,0.0,-12.0,0.0,0.0,GLOBAL,28.79893563007682,2.9948231195249875,0.17616606585441102
810,0.0,0.0,-12.0,0.0,0.0,GLOBAL,28.827991577351565,2.9948231195249875,0.17616606585441102
811,0.0,0.0,-12.0,0.0,0.0,GLOBAL,28.884049563598193,2.9948231195249875,0.17616606585441102
812,0.0,0.0,-12.0,0.0,0.0,GLOBAL,28.82419791253681,2.9948231195249875,0.17616606585441102
813,0.0,0.0,-12.0,0.0,0.0,GLOBAL,28.82487579408368,2.9948231195249875,0.17616606585441102
814,0.0,0.0,-12.0,0.0,0.0,GLOBAL,28.867654962196784,2.9948231195249875,0.17616606585441102
815,0.0,0.0,-12.0,0.0,0.0,GLOBAL,28.821105263954284,2.9948231195249875,0.17616606585441102
816,0.0,0.0,-12.0,0.0,0.0,GLOBAL,28.797467851754185,2.9948231195249875,0.17616606585441102
817,0.0,0.0,-12.0,0.0,0.0,GLOBAL,28.855888026932774,2.9948231195249875,0.17616606585441102
818,0.0,0.0,-12.0,0.0,0.0,GLOBAL,28.93994571445886,2.9948231195249875,0.17616606585441102
819,0.0,0.0,-12.0,0.0,0.0,GLOBAL,28.880575230740014,2.9948231195249875,0.17616606585441102
820,0.0,0.0,-12.0,0.0,0.0,GLOBAL,28.799479709530285,2.9948231195249875,0.17616606585441102
821,0.0,0.0,-12.0,0.0,0.0,GLOBAL,28.833720573877056,2.9948231195249875,0.17616606585441102
822,0.0,0.0,-12.0,0.0,0.0,GLOBAL,28.897745692563802,2.9948231195249875,0.17616606585441102
823,0.0,0.0,-12.0,0.0,0.0,GLOBAL,28.923434136801635,2.9948231195249875,0.17616606585441102
824,0.0,0.0,-12.0,0.0,0.0,GLOBAL,28.795438865501488,2.9948231195249875,0.17616606585441102
825,0.0,0.0,-12.0,0.0,0.0,GLOBAL,28.93633689295417,2.9948231195249875,0.17616606585441102
826,0.0,0.0,-12.0,0.0,0.0,GLOBAL,28.896849534304,2.9948231195249875,0.17616606585441102
827,0.0,0.0,-12.0,0.0,0.0,GLOBAL,28.91290753040274,2.9948231195249875,0.17616606585441102
828,0.0,0.0,-12.0,0.0,0.0,GLOBAL,28.797153853752064,2.9948231195249875,0.17616606585441102
829,0.0,0.0,-12.0,0.0,0.0,GLOBAL,28.83102971118316,2.9948231195249875,0.17616606585441102
830,0.0,0.0,-12.0,0.0,0.0,GLOBAL,28.894747503124133,2.9948231195249875,0.17616606585441102
831,0.0,0.0,-12.0,0.0,0.0,GLOBAL,28.873008012390464,2.9948231195249875,0.17616606585441102
832,0.0,0.0,-12.0,0.0,0.0,GLOBAL,28.83694673757118,2.9948231195249875,0.17616606585441102
833,0.0,0.0,-12.0,0.0,0.0,GLOBAL,28.82977927427979,2.9948231195249875,0.17616606585441102
834,0.0,0.0,-12.0,0.0,0.0,GLOBAL,28.869191891216587,2.9948231195249875,0.17616606585441102
835,0.0,0.0,-12.0,0.0,0.0,GLOBAL,28.890784783542355,2.9948231195249875,0.17616606585441102
836,0.0,0.0,-12.0,0.0,0.0,GLOBAL,28.837336182170972,2.9948231195249875,0.17616606585441102
837,0.0,0.0,-12.0,0.0,0.0,GLOBAL,28.888898984173945,2.9948231195249875,0.17616606585441102
838,0.0,0.0,-12.0,0.0,0.0,GLOBAL,28.867693119302288,2.9948231195249875,0.17616606585441102
839,0.0,0.0,-12.0,0.0,0.0,GLOBAL,28.840113756582184,2.9948231195249875,0.17616606585441102
840,0.0,0.0,-12.0,0.0,0.0,GLOBAL,28.769344742786785,2.9948231195249875,0.17616606585441102
841,0.0,0.0,-12.0,0.0,0.0,GLOBAL,28.918701100614634,2.9948231195249875,0.17616606585441102
842,0.0,0.0,-12.0,0.0,0.0,GLOBAL,28.806074724214206,2.9948231195249875,0.17616606585441102
843,0.0,0.0,-12.0,0.0,0.0,GLOBAL,28.771278100291962,2.9948231195249875,0.17616606585441102
844,0.0,0.0,-12.0,0.0,0.0,GLOBAL,28.78886576007159,2.9948231195249875,0.17616606585441102
845,0.0,0.0,-12.0,0.0,0.0,GLOBAL,28.820506994031373,2.9948231195249875,0.17616606585441102
846,0.0,0.0,-12.0,0.0,0.0,GLOBAL,28.90112229109779,2.9948231195249875,0.17616606585441102
847,0.0,0.0,-12.0,0.0,0.0,GLOBAL,28.846125893966374,2.9948231195249875,0.17616606585441102
848,0.0,0.0,-12.0,0.0,0.0,GLOBAL,28.771801428093404,2.9948231195249875,0.17616606585441102
849,0.0,0.0,-12.0,0.0,0.0,GLOBAL,28.753205156123812,2.9948231195249875,0.17616606585441102
850,0.0,0.0,-12.0,0.0,0.0,GLOBAL,28.944585587704964,2.9948231195249875,0.17616606585441102
851,0.0,0.0,-12.0,0.0,0.0,GLOBAL,28.83462825601169,2.9948231195249875,0.17616606585441102
852,0.0,0.0,-12.0,0.0,0.0,GLOBAL,28.777162333564817,2.9948231195249875,0.17616606585441102
853,0.0,0.0,-12.0,0.0,0.0,GLOBAL,28.803446785014856,2.9948231195249875,0.17616606585441102
854,0.0,0.0,-12.0,0.0,0.0,GLOBAL,28.912944492308153,2.9948231195249875,0.17616606585441102
855,0.0,0.0,-12.0,0.0,0.0,GLOBAL,28.898416387679713,2.9948231195249875,0.17616606585441102
856,0.0,0.0,-12.0,0.0,0.0,GLOBAL,28.838487579816196,2.9948231195249875,0.17616606585441102
857,0.0,0.0,-12.0,0.0,0.0,GLOBAL,28.829449463632518,2.9948231195249875,0.17616606585441102
858,0.0,0.0,-12.0,0.0,0.0,GLOBAL,28.84978748422044,2.9948231195249875,0.17616606585441102
859,0.0,0.0,-12.0,0.0,0.0,GLOBAL,28.844654486180637,2.9948231195249875,0.17616606585441102
860,0.0,0.0,-12.0,0.0,0.0,GLOBAL,28.921781195316495,2.9948231195249875,0.17616606585441102
861,0.0,0.0,-12.0,0.0,0.0,GLOBAL,28.872499627037406,2.9948231195249875,0.17616606585441102
862,0.0,0.0,-12.0,0.0,0.0,GLOBAL,28.84829035858587,2.9948231195249875,0.17616606585441102
863,0.0,0.0,-12.0,0.0,0.0,GLOBAL,28.87488988344446,2.9948231195249875,0.17616606585441102
864,0.0,0.0,-12.0,0.0,0.0,GLOBAL,28.769713908263885,2.9948231195249875,0.17616606585441102
865,0.0,0.0,-12.0,0.0,0.0,GLOBAL,28.905088122630552,2.9948231195249875,0.17616606585441102
866,0.0,0.0,-12.0,0.0,0.0,GLOBAL,28.86616389446599,2.9948231195249875,0.17616606585441102
867,0.0,0.0,-12.0,0.0,0.0,GLOBAL,28.799851324246724,2.9948231195249875,0.17616606585441102
868,0.0,0.0,-12.0,0.0,0.0,GLOBAL,28.893716911551678,2.9948231195249875,0.17616606585441102
869,0.0,0.0,-12.0,0.0,0.0,GLOBAL,28.87756754838151,2.9948231195249875,0.17616606585441102
870,0.0,0.0,-12.0,0.0,0.0,GLOBAL,28.918449416059985,2.9948231195249875,0.17616606585441102
871,0.0,0.0,-12.0,0.0,0.0,GLOBAL,28.86436297435741,2.9948231195249875,0.17616606585441102
872,0.0,0.0,-12.0,0.0,0.0,GLOBAL,28.88953038794483,2.9948231195249875,0.17616606585441102
873,0.0,0.0,-12.0,0.0,0.0,GLOBAL,28.86743685006738,2.9948231195249875,0.17616606585441102
874,0.0,0.0,-12.0,0.0,0.0,GLOBAL,28.89380157274375,2.9948231195249875,0.17616606585441102
875,0.0,0.0,-12.0,0.0,0.0,GLOBAL,28.905347885604122,2.9948231195249875,0.17616606585441102
876,0.0,0.0,-12.0,0.0,0.0,GLOBAL,28.813480766272047,2.9948231195249875,0.17616606585441102
877,0.0,0.0,-12.0,0.0,0.0,GLOBAL,28.78361677668599,2.9948231195249875,0.17616606585441102
878,0.0,0.0,-12.0,0.0,0.0,GLOBAL,28.80740316844682,2.9948231195249875,0.17616606585441102
879,0.0,0.0,-12.0,0.0,0.0,GLOBAL,28.82896863517564,2.9948231195249875,0.17616606585441102
880,0.0,0.0,-12.0,0.0,0.0,GLOBAL,28.759691774083183,2.9948231195249875,0.17616606585441102
881,0.0,0.0,-12.0,0.0,0.0,GLOBAL,28.817769113881557,2.9948231195249875,0.17616606585441102
882,0.0,0.0,-12.0,0.0,0.0,GLOBAL,28.863678589216168,2.9948231195249875,0.17616606585441102
883,0.0,0.0,-12.0,0.0,0.0,GLOBAL,28.871048644406518,2.9948231195249875,0.17616606585441102
884,0.0,0.0,-12.0,0.0,0.0,GLOBAL,28.854451584727677,2.9948231195249875,0.17616606585441102
885,0.0,0.0,-12.0,0.0,0.0,GLOBAL,28.806964131807106,2.9948231195249875,0.17616606585441102
886,0.0,0.0,-12.0,0.0,0.0,GLOBAL,28.797570926082486,2.9948231195249875,0.17616606585441102
887,0.0,0.0,-12.0,0.0,0.0,GLOBAL,28.82237472473896,2.9948231195249875,0.17616606585441102
888,0.0,0.0,-12.0,0.0,0.0,GLOBAL,28.824979869402526,2.9948231195249875,0.17616606585441102
889,0.0,0.0,-12.0,0.0,0.0,GLOBAL,28.816678020468412,2.9948231195249875,0.17616606585441102
890,0.0,0.0,-12.0,0.0,0.0,GLOBAL,28.929672375666634,2.9948231195249875,0.17616606585441102
891,0.0,0.0,-12.0,0.0,0.0,GLOBAL,28.839377670808116,2.9948231195249875,0.17616606585441102
892,0.0,0.0,-12.0,0.0,0.0,GLOBAL,28.881834963496036,2.9948231195249875,0.17616606585441102
893,0.0,0.0,-12.0,0.0,0.0,GLOBAL,28.794935816735702,2.9948231195249875,0.17616606585441102
894,0.0,0.0,-12.0,0.0,0.0,GLOBAL,28.89357416553577,2.9948231195249875,0.17616606585441102
895,0.0,0.0,-12.0,0.0,0.0,GLOBAL,28.900878033146626,2.9948231195249875,0.17616606585441102
896,0.0,0.0,-12.0,0.0,0.0,GLOBAL,28.85989558598061,2.9948231195249875,0.17616606585441102
897,0.0,0.0,-12.0,0.0,0.0,GLOBAL,28.81687209550831,2.9948231195249875,0.17616606585441102
898,0.0,0.0,-12.0,0.0,0.0,GLOBAL,28.848738319481733,2.9948231195249875,0.17616606585441102
899,0.0,0.0,-12.0,0.0,0.0,GLOBAL,28.93628735441597,2.9948231195249875,0.17616606585441102
900,0.0,0.0,-12.0,0.0,0.0,GLOBAL,28.848903816139046,2.9948231195249875,0.17616606585441102
901,0.0,0.0,-12.0,0.0,0.0,GLOBAL,28.828699568602843,2.9948231195249875,0.17616606585441102
902,0.0,0.0,-12.0,0.0,0.0,GLOBAL,28.80293172161753,2.9948231195249875,0.17616606585441102
903,0.0,0.0,-12.0,0.0,0.0,GLOBAL,28.861786151535664,2.9948231195249875,0.17616606585441102
904,0.0,0.0,-12.0,0.0,0.0,GLOBAL,28.79163037325217,2.9948231195249875,0.17616606585441102
905,0.0,0.0,-12.0,0.0,0.0,GLOBAL,28.86218650062463,2.9948231195249875,0.17616606585441102
906,0.0,0.0,-12.0,0.0,0.0,GLOBAL,28.829204985265644,2.9948231195249875,0.17616606585441102
907,0.0,0.0,-12.0,0.0,0.0,GLOBAL,28.852960084963506,2.9948231195249875,0.17616606585441102
908,0.0,0.0,-12.0,0.0,0.0,GLOBAL,28.853965434330796,2.9948231195249875,0.17616606585441102
909,0.0,0.0,-12.0,0.0,0.0,GLOBAL,28.84191107981087,2.9948231195249875,0.17616606585441102
910,0.0,0.0,-12.0,0.0,0.0,GLOBAL,28.755033518007522,2.9948231195249875,0.17616606585441102
911,0.0,0.0,-12.0,0.0,0.0,GLOBAL,28.842003057707966,2.9948231195249875,0.17616606585441102
912,0.0,0.0,-12.0,0.0,0.0,GLOBAL,28.918492127003475,2.9948231195249875,0.17616606585441102
913,0.0,0.0,-12.0,0.0,0.0,GLOBAL,28.92087098561471,2.9948231195249875,0.17616606585441102
914,0.0,0.0,-12.0,0.0,0.0,GLOBAL,28.851310286528694,2.9948231195249875,0.17616606585441102
915,0.0,0.0,-12.0,0.0,0.0,GLOBAL,28.799820537601462,2.9948231195249875,0.17616606585441102
916,0.0,0.0,-12.0,0.0,0.0,GLOBAL,28.864512891594902,2.9948231195249875,0.17616606585441102
917,0.0,0.0,-12.0,0.0,0.0,GLOBAL,28.791541849649658,2.9948231195249875,0.17616606585441102
918,0.0,0.0,-12.0,0.0,0.0,GLOBAL,28.824895797507708,2.9948231195249875,0.17616606585441102
919,0.0,0.0,-12.0,0.0,0.0,GLOBAL,28.90046496414281,2.9948231195249875,0.17616606585441102
920,0.0,0.0,-12.0,0.0,0.0,GLOBAL,28.94842583945944,2.9948231195249875,0.17616606585441102
921,0.0,0.0,-12.0,0.0,0.0,GLOBAL,28.873201296620085,2.9948231195249875,0.17616606585441102
922,0.0,0.0,-12.0,0.0,0.0,GLOBAL,28.954759209523278,2.9948231195249875,0.17616606585441102
923,0.0,0.0,-12.0,0.0,0.0,GLOBAL,28.897017199735746,2.9948231195249875,0.17616606585441102
924,0.0,0.0,-12.0,0.0,0.0,GLOBAL,28.863934519997088,2.9948231195249875,0.17616606585441102
925,0.0,0.0,-12.0,0.0,0.0,GLOBAL,28.829378088259993,2.9948231195249875,0.17616606585441102
926,0.0,0.0,-12.0,0.0,0.0,GLOBAL,28.898227928806243,2.9948231195249875,0.17616606585441102
927,0.0,0.0,-12.0,0.0,0.0,GLOBAL,28.755878883783,2.9948231195249875,0.17616606585441102
928,0.0,0.0,-12.0,0.0,0.0,GLOBAL,28.8666117912687,2.9948231195249875,0.17616606585441102
929,0.0,0.0,-12.0,0.0,0.0,GLOBAL,28.891112371200958,2.9948231195249875,0.17616606585441102
930,0.0,0.0,-12.0,0.0,0.0,GLOBAL,28.797764521628686,2.9948231195249875,0.17616606585441102
931,0.0,0.0,-12.0,0.0,0.0,GLOBAL,28.8641333385286,2.9948231195249875,0.17616606585441102
932,0.0,0.0,-12.0,0.0,0.0,GLOBAL,28.771990353674358,2.9948231195249875,0.17616606585441102
933,0.0,0.0,-12.0,0.0,0.0,GLOBAL,28.860417993410703,2.9948231195249875,0.17616606585441102
934,0.0,0.0,-12.0,0.0,0.0,GLOBAL,28.877493114449454,2.9948231195249875,0.17616606585441102
935,0.0,0.0,-12.0,0.0,0.0,GLOBAL,28.86343541164059,2.9948231195249875,0.17616606585441102
936,0.0,0.0,-12.0,0.0,0.0,GLOBAL,28.802911192271335,2.9948231195249875,0.17616606585441102
937,0.0,0.0,-12.0,0.0,0.0,GLOBAL,28.887624617894193,2.9948231195249875,0.17616606585441102
938,0.0,0.0,-12.0,0.0,0.0,GLOBAL,28.902972040663855,2.9948231195249875,0.17616606585441102
939,0.0,0.0,-12.0,0.0,0.0,GLOBAL,28.876976853367463,2.9948231195249875,0.17616606585441102
940,0.0,0.0,-12.0,0.0,0.0,GLOBAL,28.844452292138307,2.9948231195249875,0.17616606585441102
941,0.0,0.0,-12.0,0.0,0.0,GLOBAL,28.748101415566957,2.9948231195249875,0.17616606585441102
942,0.0,0.0,-12.0,0.0,0.0,GLOBAL,28.864264787319968,2.9948231195249875,0.17616606585441102
943,0.0,0.0,-12.0,0.0,0.0,GLOBAL,28.829806660390943,2.9948231195249875,0.17616606585441102
944,0.0,0.0,-12.0,0.0,0.0,GLOBAL,28.844244170296502,2.9948231195249875,0.17616606585441102
945,0.0,0.0,-12.0,0.0,0.0,GLOBAL,28.892496113765734,2.9948231195249875,0.17616606585441102
946,0.0,0.0,-12.0,0.0,0.0,GLOBAL,28.90738453211688,2.9948231195249875,0.17616606585441102
947,0.0,0.0,-12.0,0.0,0.0,GLOBAL,28.88930590539313,2.9948231195249875,0.17616606585441102
948,0.0,0.0,-12.0,0.0,0.0,GLOBAL,28.863268980720296,2.9948231195249875,0.17616606585441102
949,0.0,0.0,-12.0,0.0,0.0,GLOBAL,28.92461797181849,2.9948231195249875,0.17616606585441102
950,0.0,0.0,-12.0,0.0,0.0,GLOBAL,28.800010925321512,2.9948231195249875,0.17616606585441102
951,0.0,0.0,-12.0,0.0,0.0,GLOBAL,28.870788774728872,2.9948231195249875,0.17616606585441102
952,0.0,0.0,-12.0,0.0,0.0,GLOBAL,28.92197406235155,2.9948231195249875,0.17616606585441102
953,0.0,0.0,-12.0,0.0,0.0,GLOBAL,28.868719377305567,2.9948231195249875,0.17616606585441102
954,0.0,0.0,-12.0,0.0,0.0,GLOBAL,28.884653877017193,2.9948231195249875,0.17616606585441102
955,0.0,0.0,-12.0,0.0,0.0,GLOBAL,28.929126560408445,2.9948231195249875,0.17616606585441102
956,0.0,0.0,-12.0,0.0,0.0,GLOBAL,28.897866720056133,2.9948231195249875,0.17616606585441102
957,0.0,0.0,-12.0,0.0,0.0,GLOBAL,28.866091991554303,2.9948231195249875,0.17616606585441102
958,0.0,0.0,-12.0,0.0,0.0,GLOBAL,28.86296371000167,2.9948231195249875,0.17616606585441102
959,0.0,0.0,-12.0,0.0,0.0,GLOBAL,28.842256903199313,2.9948231195249875,0.17616606585441102
960,0.0,0.0,-12.0,0.0,0.0,GLOBAL,28.746031951111284,2.9948231195249875,0.17616606585441102
961,0.0,0.0,-12.0,0.0,0.0,GLOBAL,28.785199560640116,2.9948231195249875,0.17616606585441102
962,0.0,0.0,-12.0,0.0,0.0,GLOBAL,28.768017325525335,2.9948231195249875,0.17616606585441102
963,0.0,0.0,-12.0,0.0,0.0,GLOBAL,28.869176226284306,2.9948231195249875,0.17616606585441102
964,0.0,0.0,-12.0,0.0,0.0,GLOBAL,28.84080126312158,2.9948231195249875,0.17616606585441102
965,0.0,0.0,-12.0,0.0,0.0,GLOBAL,28.83068944971252,2.9948231195249875,0.17616606585441102
966,0.0,0.0,-12.0,0.0,0.0,GLOBAL,28.73949880172597,2.9948231195249875,0.17616606585441102
967,0.0,0.0,-12.0,0.0,0.0,GLOBAL,28.835187558978237,2.9948231195249875,0.17616606585441102
968,0.0,0.0,-12.0,0.0,0.0,GLOBAL,28.88114276072756,2.9948231195249875,0.17616606585441102
969,0.0,0.0,-12.0,0.0,0.0,GLOBAL,28.807712570570676,2.9948231195249875,0.17616606585441102
970,0.0,0.0,-12.0,0.0,0.0,GLOBAL,28.86469165862302,2.9948231195249875,0.17616606585441102
971,0.0,0.0,-12.0,0.0,0.0,GLOBAL,28.782299224455333,2.9948231195249875,0.17616606585441102
972,0.0,0.0,-12.0,0.0,0.0,GLOBAL,28.739208394772618,2.9948231195249875,0.17616606585441102
973,0.0,0.0,-12.0,0.0,0.0,GLOBAL,28.794138561727927,2.9948231195249875,0.17616606585441102
974,0.0,0.0,-12.0,0.0,0.0,GLOBAL,28.84124282805753,2.9948231195249875,0.17616606585441102
975,0.0,0.0,-12.0,0.0,0.0,GLOBAL,28.856146808048194,2.9948231195249875,0.17616606585441102
976,0.0,0.0,-12.0,0.0,0.0,GLOBAL,28.900167993846406,2.9948231195249875,0.17616606585441102
977,0.0,0.0,-12.0,0.0,0.0,GLOBAL,28.88434949534444,2.9948231195249875,0.17616606585441102
978,0.0,0.0,-12.0,0.0,0.0,GLOBAL,28.873119627317816,2.9948231195249875,0.17616606585441102
979,0.0,0.0,-12.0,0.0,0.0,GLOBAL,28.837078595136568,2.9948231195249875,0.17616606585441102
980,0.0,0.0,-12.0,0.0,0.0,GLOBAL,28.90148758332785,2.9948231195249875,0.17616606585441102
981,0.0,0.0,-12.0,0.0,0.0,GLOBAL,28.8854697308216,2.9948231195249875,0.17616606585441102
982,0.0,0.0,-12.0,0.0,0.0,GLOBAL,28.92431806429499,2.9948231195249875,0.17616606585441102
983,0.0,0.0,-12.0,0.0,0.0,GLOBAL,28.941277790185374,2.9948231195249875,0.17616606585441102
984,0.0,0.0,-12.0,0.0,0.0,GLOBAL,28.81059909943243,2.9948231195249875,0.17616606585441102
985,0.0,0.0,-12.0,0.0,0.0,GLOBAL,28.86119853212427,2.9948231195249875,0.17616606585441102
986,0.0,0.0,-12.0,0.0,0.0,GLOBAL,28.94006687211575,2.9948231195249875,0.17616606585441102
987,0.0,0.0,-12.0,0.0,0.0,GLOBAL,28.834641607153603,2.9948231195249875,0.17616606585441102
988,0.0,0.0,-12.0,0.0,0.0,GLOBAL,28.898832217629984,2.9948231195249875,0.17616606585441102
989,0.0,0.0,-12.0,0.0,0.0,GLOBAL,28.791777585801004,2.9948231195249875,0.17616606585441102
990,0.0,0.0,-12.0,0.0,0.0,GLOBAL,28.83711000765339,2.9948231195249875,0.17616606585441102
991,0.0,0.0,-12.0,0.0,0.0,GLOBAL,28.84710411199102,2.9948231195249875,0.17616606585441102
992,0.0,0.0,-12.0,0.0,0.0,GLOBAL,28.818427119721676,2.9948231195249875,0.17616606585441102
993,0.0,0.0,-12.0,0.0,0.0,GLOBAL,28.8694307138688,2.9948231195249875,0.17616606585441102
994,0.0,0.0,-12.0,0.0,0.0,GLOBAL,28.794997444574765,2.9948231195249875,0.17616606585441102
995,0.0,0.0,-12.0,0.0,0.0,GLOBAL,28.913063131848933,2.9948231195249875,0.17616606585441102
996,0.0,0.0,-12.0,0.0,0.0,GLOBAL,28.85199889951057,2.9948231195249875,0.17616606585441102
997,0.0,0.0,-12.0,0.0,0.0,GLOBAL,28.87676298567745,2.9948231195249875,0.17616606585441102
998,0.0,0.0,-12.0,0.0,0.0,GLOBAL,28.757339996126163,2.9948231195249875,0.17616606585441102
999,0.0,0.0,-12.0,0.0,0.0,GLOBAL,28.746029261113346,2.9948231195249875,0.17616606585441102
1000,0.0,0.0,-12.0,0.0,0.0,GLOBAL,28.886069687895414,2.9948231195249875,0.17616606585441102
1001,0.0,0.0,-12.0,0.0,0.0,GLOBAL,28.851665317442883,2.9948231195249875,0.17616606585441102
1002,0.0,0.0,-12.0,0.0,0.0,GLOBAL,28.898137843907175,2.9948231195249875,0.17616606585441102
1003,0.0,0.0,-12.0,0.0,0.0,GLOBAL,28.849398602734844,2.9948231195249875,0.17616606585441102
1004,0.0,0.0,-12.0,0.0,0.0,GLOBAL,28.81965848518134,2.9948231195249875,0.17616606585441102
1005,0.0,0.0,-12.0,0.0,0.0,GLOBAL,28.813593530458746,2.9948231195249875,0.17616606585441102
1006,0.0,0.0,-12.0,0.0,0.0,GLOBAL,28.831270839134643,2.9948231195249875,0.17616606585441102
1007,0.0,0.0,-12.0,0.0,0.0,GLOBAL,28.732838053382604,2.9948231195249875,0.17616606585441102
1008,0.0,0.0,-12.0,0.0,0.0,GLOBAL,28.822682410180374,2.9948231195249875,0.17616606585441102
1009,0.0,0.0,-12.0,0.0,0.0,GLOBAL,28.85796670953225,2.9948231195249875,0.17616606585441102
1010,0.0,0.0,-12.0,0.0,0.0,GLOBAL,28.890205699678965,2.9948231195249875,0.17616606585441102
1011,0.0,0.0,-12.0,0.0,0.0,GLOBAL,28.836672692519688,2.9948231195249875,0.17616606585441102
1012,0.0,0.0,-12.0,0.0,0.0,GLOBAL,28.89422652838056,2.9948231195249875,0.17616606585441102
1013,0.0,0.0,-12.0,0.0,0.0,GLOBAL,28.759575351064626,2.9948231195249875,0.17616606585441102
1014,0.0,0.0,-12.0,0.0,0.0,GLOBAL,28.804744679200006,2.9948231195249875,0.17616606585441102
1015,0.0,0.0,-12.0,0.0,0.0,GLOBAL,28.874234598326527,2.9948231195249875,0.17616606585441102
1016,0.0,0.0,-12.0,0.0,0.0,GLOBAL,28.74129530657737,2.9948231195249875,0.17616606585441102
1017,0.0,0.0,-12.0,0.0,0.0,GLOBAL,28.742229670883177,2.9948231195249875,0.17616606585441102
1018,0.0,0.0,-12.0,0.0,0.0,GLOBAL,28.829279830781292,2.9948231195249875,0.17616606585441102
1019,0.0,0.0,-12.0,0.0,0.0,GLOBAL,28.812802302886933,2.9948231195249875,0.17616606585441102
1020,0.0,0.0,-12.0,0.0,0.0,GLOBAL,28.91915682733314,2.9948231195249875,0.17616606585441102
1021,0.0,0.0,-12.0,0.0,0.0,GLOBAL,28.829591449952346,2.9948231195249875,0.17616606585441102
1022,0.0,0.0,-12.0,0.0,0.0,GLOBAL,28.844891531355387,2.9948231195249875,0.17616606585441102
1023,0.0,0.0,-12.0,0.0,0.0,GLOBAL,28.836000311435246,2.9948231195249875,0.17616606585441102
1024,0.0,0.0,-12.0,0.0,0.0,GLOBAL,28.89334100030444,2.9948231195249875,0.17616606585441102
1025,0.0,0.0,-12.0,0.0,0.0,GLOBAL,28.87074162349299,2.9948231195249875,0.17616606585441102
1026,0.0,0.0,-12.0,0.0,0.0,GLOBAL,28.90301102202548,2.9948231195249875,0.17616606585441102
1027,0.0,0.0,-12.0,0.0,0.0,GLOBAL,28.923848614643987,2.9948231195249875,0.17616606585441102
1028,0.0,0.0,-12.0,0.0,0.0,GLOBAL,28.84098135678531,2.9948231195249875,0.17616606585441102
1029,0.0,0.0,-12.0,0.0,0.0,GLOBAL,28.77592892228549,2.9948231195249875,0.17616606585441102
1030,0.0,0.0,-12.0,0.0,0.0,GLOBAL,28.849032822895737,2.9948231195249875,0.17616606585441102
1031,0.0,0.0,-12.0,0.0,0.0,GLOBAL,28.924953495984056,2.9948231195249875,0.17616606585441102
1032,0.0,0.0,-12.0,0.0,0.0,GLOBAL,28.761642323436437,2.9948231195249875,0.17616606585441102
1033,0.0,0.0,-12.0,0.0,0.0,GLOBAL,28.720721495635697,2.9948231195249875,0.17616606585441102
1034,0.0,0.0,-12.0,0.0,0.0,GLOBAL,28.961480477329868,2.9948231195249875,0.17616606585441102
1035,0.0,0.0,-12.0,0.0,0.0,GLOBAL,28.92345164080785,2.9948231195249875,0.17616606585441102
1036,0.0,0.0,-12.0,0.0,0.0,GLOBAL,28.9089992668951,2.9948231195249875,0.17616606585441102
1037,0.0,0.0,-12.0,0.0,0.0,GLOBAL,28.876439120850137,2.9948231195249875,0.17616606585441102
1038,0.0,0.0,-12.0,0.0,0.0,GLOBAL,28.861516684995376,2.9948231195249875,0.17616606585441102
1039,0.0,0.0,-12.0,0.0,0.0,GLOBAL,28.845746968765788,2.9948231195249875,0.17616606585441102
1040,0.0,0.0,-12.0,0.0,0.0,GLOBAL,28.786131174291196,2.9948231195249875,0.17616606585441102
1041,0.0,0.0,-12.0,0.0,0.0,GLOBAL,28.81471706204127,2.9948231195249875,0.17616606585441102
1042,0.0,0.0,-12.0,0.0,0.0,GLOBAL,28.90769955020831,2.9948231195249875,0.17616606585441102
1043,0.0,0.0,-12.0,0.0,0.0,GLOBAL,28.82766813417803,2.9948231195249875,0.17616606585441102
1044,0.0,0.0,-12.0,0.0,0.0,GLOBAL,28.94404964533568,2.9948231195249875,0.17616606585441102
1045,0.0,0.0,-12.0,0.0,0.0,GLOBAL,28.85208659936481,2.9948231195249875,0.17616606585441102
1046,0.0,0.0,-12.0,0.0,0.0,GLOBAL,28.83788130247203,2.9948231195249875,0.17616606585441102
1047,0.0,0.0,-12.0,0.0,0.0,GLOBAL,28.817080730853473,2.9948231195249875,0.17616606585441102
1048,0.0,0.0,-12.0,0.0,0.0,GLOBAL,28.886819318787495,2.9948231195249875,0.17616606585441102
1049,0.0,0.0,-12.0,0.0,0.0,GLOBAL,28.84858559645222,2.9948231195249875,0.17616606585441102
1050,0.0,0.0,-12.0,0.0,0.0,GLOBAL,28.8001652767433,2.9948231195249875,0.17616606585441102
1051,0.0,0.0,-12.0,0.0,0.0,GLOBAL,28.898049890302914,2.9948231195249875,0.17616606585441102
1052,0.0,0.0,-12.0,0.0,0.0,GLOBAL,28.848026380419743,2.9948231195249875,0.17616606585441102
1053,0.0,0.0,-12.0,0.0,0.0,GLOBAL,28.862567786005172,2.9948231195249875,0.17616606585441102
1054,0.0,0.0,-12.0,0.0,0.0,GLOBAL,28.856949660577744,2.9948231195249875,0.17616606585441102
1055,0.0,0.0,-12.0,0.0,0.0,GLOBAL,28.798028050819177,2.9948231195249875,0.17616606585441102
1056,0.0,0.0,-12.0,0.0,0.0,GLOBAL,28.847524123099316,2.9948231195249875,0.17616606585441102
1057,0.0,0.0,-12.0,0.0,0.0,GLOBAL,28.87455672175774,2.9948231195249875,0.17616606585441102
1058,0.0,0.0,-12.0,0.0,0.0,GLOBAL,28.801218256904196,2.9948231195249875,0.17616606585441102
1059,0.0,0.0,-12.0,0.0,0.0,GLOBAL,28.776269392053493,2.9948231195249875,0.17616606585441102
1060,0.0,0.0,-12.0,0.0,0.0,GLOBAL,28.894537985297802,2.9948231195249875,0.17616606585441102
1061,0.0,0.0,-12.0,0.0,0.0,GLOBAL,28.87565960438114,2.9948231195249875,0.17616606585441102
1062,0.0,0.0,-12.0,0.0,0.0,GLOBAL,28.831288491712325,2.9948231195249875,0.17616606585441102
1063,0.0,0.0,-12.0,0.0,0.0,GLOBAL,28.890650395398925,2.9948231195249875,0.17616606585441102
1064,0.0,0.0,-12.0,0.0,0.0,GLOBAL,28.783582315778336,2.9948231195249875,0.17616606585441102
1065,0.0,0.0,-12.0,0.0,0.0,GLOBAL,28.84963245350176,2.9948231195249875,0.17616606585441102
1066,0.0,0.0,-12.0,0.0,0.0,GLOBAL,28.84780302931796,2.9948231195249875,0.17616606585441102
1067,0.0,0.0,-12.0,0.0,0.0,GLOBAL,28.842756924958717,2.9948231195249875,0.17616606585441102
1068,0.0,0.0,-12.0,0.0,0.0,GLOBAL,28.8473690316214,2.9948231195249875,0.17616606585441102
1069,0.0,0.0,-12.0,0.0,0.0,GLOBAL,28.834139633648082,2.9948231195249875,0.17616606585441102
1070,0.0,0.0,-12.0,0.0,0.0,GLOBAL,28.900071575928457,2.9948231195249875,0.17616606585441102
1071,0.0,0.0,-12.0,0.0,0.0,GLOBAL,28.89784568583827,2.9948231195249875,0.17616606585441102
1072,0.0,0.0,-12.0,0.0,0.0,GLOBAL,28.863417000175904,2.9948231195249875,0.17616606585441102
1073,0.0,0.0,-12.0,0.0,0.0,GLOBAL,28.896713479131726,2.9948231195249875,0.17616606585441102
1074,0.0,0.0,-12.0,0.0,0.0,GLOBAL,28.8510104178836,2.9948231195249875,0.17616606585441102
1075,0.0,0.0,-12.0,0.0,0.0,GLOBAL,28.879132365607894,2.9948231195249875,0.17616606585441102
1076,0.0,0.0,-12.0,0.0,0.0,GLOBAL,28.879081287285835,2.9948231195249875,0.17616606585441102
1077,0.0,0.0,-12.0,0.0,0.0,GLOBAL,28.88472042630546,2.9948231195249875,0.17616606585441102
1078,0.0,0.0,-12.0,0.0,0.0,GLOBAL,28.903755271939144,2.9948231195249875,0.17616606585441102
1079,0.0,0.0,-12.0,0.0,0.0,GLOBAL,28.87871323552161,2.9948231195249875,0.17616606585441102
1080,0.0,0.0,-12.0,0.0,0.0,GLOBAL,28.91440577920576,2.9948231195249875,0.17616606585441102
1081,0.0,0.0,-12.0,0.0,0.0,GLOBAL,28.874782753351447,2.9948231195249875,0.17616606585441102
1082,0.0,0.0,-12.0,0.0,0.0,GLOBAL,28.889378774876153,2.9948231195249875,0.17616606585441102
1083,0.0,0.0,-12.0,0.0,0.0,GLOBAL,28.73986208418278,2.9948231195249875,0.17616606585441102
1084,0.0,0.0,-12.0,0.0,0.0,GLOBAL,28.841514958298053,2.9948231195249875,0.17616606585441102
1085,0.0,0.0,-12.0,0.0,0.0,GLOBAL,28.840400457373125,2.9948231195249875,0.17616606585441102
1086,0.0,0.0,-12.0,0.0,0.0,GLOBAL,28.826720054312773,2.9948231195249875,0.17616606585441102
1087,0.0,0.0,-12.0,0.0,0.0,GLOBAL,28.897655526689984,2.9948231195249875,0.17616606585441102
1088,0.0,0.0,-12.0,0.0,0.0,GLOBAL,28.919634776470087,2.9948231195249875,0.17616606585441102
1089,0.0,0.0,-12.0,0.0,0.0,GLOBAL,28.860340284915583,2.9948231195249875,0.17616606585441102
1090,0.0,0.0,-12.0,0.0,0.0,GLOBAL,28.75043955758401,2.9948231195249875,0.17616606585441102
1091,0.0,0.0,-12.0,0.0,0.0,GLOBAL,28.913952144980936,2.9948231195249875,0.17616606585441102
1092,0.0,0.0,-12.0,0.0,0.0,GLOBAL,28.885890164627213,2.9948231195249875,0.17616606585441102
1093,0.0,0.0,-12.0,0.0,0.0,GLOBAL,28.868232041917253,2.9948231195249875,0.17616606585441102
1094,0.0,0.0,-12.0,0.0,0.0,GLOBAL,28.876725612422295,2.9948231195249875,0.17616606585441102
1095,0.0,0.0,-12.0,0.0,0.0,GLOBAL,28.895564938889272,2.9948231195249875,0.17616606585441102
1096,0.0,0.0,-12.0,0.0,0.0,GLOBAL,28.842012637086988,2.9948231195249875,0.17616606585441102
1097,0.0,0.0,-12.0,0.0,0.0,GLOBAL,28.91421809927845,2.9948231195249875,0.17616606585441102
1098,0.0,0.0,-12.0,0.0,0.0,GLOBAL,28.761329771103984,2.9948231195249875,0.17616606585441102
1099,0.0,0.0,-12.0,0.0,0.0,GLOBAL,28.83722002163829,2.9948231195249875,0.17616606585441102
1100,0.0,0.0,-12.0,0.0,0.0,GLOBAL,28.849613005833245,2.9948231195249875,0.17616606585441102
1101,0.0,0.0,-12.0,0.0,0.0,GLOBAL,28.778881335813136,2.9948231195249875,0.17616606585441102
1102,0.0,0.0,-12.0,0.0,0.0,GLOBAL,28.81063024512767,2.9948231195249875,0.17616606585441102
1103,0.0,0.0,-12.0,0.0,0.0,GLOBAL,28.860179870971585,2.9948231195249875,0.17616606585441102
1104,0.0,0.0,-12.0,0.0,0.0,GLOBAL,28.825151953306836,2.9948231195249875,0.17616606585441102
1105,0.0,0.0,-12.0,0.0,0.0,GLOBAL,28.8059027074015,2.9948231195249875,0.17616606585441102
1106,0.0,0.0,-12.0,0.0,0.0,GLOBAL,28.938485274968965,2.9948231195249875,0.17616606585441102
1107,0.0,0.0,-12.0,0.0,0.0,GLOBAL,28.86243478338125,2.9948231195249875,0.17616606585441102
1108,0.0,0.0,-12.0,0.0,0.0,GLOBAL,28.853030141723195,2.9948231195249875,0.17616606585441102
1109,0.0,0.0,-12.0,0.0,0.0,GLOBAL,28.944338092716126,2.9948231195249875,0.17616606585441102
1110,0.0,0.0,-12.0,0.0,0.0,GLOBAL,28.812588117168,2.9948231195249875,0.17616606585441102
1111,0.0,0.0,-12.0,0.0,0.0,GLOBAL,28.88852402771495,2.9948231195249875,0.17616606585441102
1112,0.0,0.0,-12.0,0.0,0.0,GLOBAL,28.837911257595074,2.9948231195249875,0.17616606585441102
1113,0.0,0.0,-12.0,0.0,0.0,GLOBAL,28.872994753757258,2.9948231195249875,0.17616606585441102
1114,0.0,0.0,-12.0,0.0,0.0,GLOBAL,28.846531542697562,2.9948231195249875,0.17616606585441102
1115,0.0,0.0,-12.0,0.0,0.0,GLOBAL,28.878596029794824,2.9948231195249875,0.17616606585441102
1116,0.0,0.0,-12.0,0.0,0.0,GLOBAL,28.94194578269605,2.9948231195249875,0.17616606585441102
1117,0.0,0.0,-12.0,0.0,0.0,GLOBAL,28.927662907555902,2.9948231195249875,0.17616606585441102
1118,0.0,0.0,-12.0,0.0,0.0,GLOBAL,28.881781228954694,2.9948231195249875,0.17616606585441102
1119,0.0,0.0,-12.0,0.0,0.0,GLOBAL,28.828986791330465,2.9948231195249875,0.17616606585441102
1120,0.0,0.0,-12.0,0.0,0.0,GLOBAL,28.80324641066567,2.9948231195249875,0.17616606585441102
1121,0.0,0.0,-12.0,0.0,0.0,GLOBAL,28.930797871693006,2.9948231195249875,0.17616606585441102
1122,0.0,0.0,-12.0,0.0,0.0,GLOBAL,28.85047471725908,2.9948231195249875,0.17616606585441102
1123,0.0,0.0,-12.0,0.0,0.0,GLOBAL,28.843608095565493,2.9948231195249875,0.17616606585441102
1124,0.0,0.0,-12.0,0.0,0.0,GLOBAL,28.849244591268533,2.9948231195249875,0.17616606585441102
1125,0.0,0.0,-12.0,0.0,0.0,GLOBAL,28.812060723207633,2.9948231195249875,0.17616606585441102
1126,0.0,0.0,-12.0,0.0,0.0,GLOBAL,28.847896565740648,2.9948231195249875,0.17616606585441102
1127,0.0,0.0,-12.0,0.0,0.0,GLOBAL,28.867506055989946,2.9948231195249875,0.17616606585441102
1128,0.0,0.0,-12.0,0.0,0.0,GLOBAL,28.81424968855418,2.9948231195249875,0.17616606585441102
1129,0.0,0.0,-12.0,0.0,0.0,GLOBAL,28.835295952130018,2.9948231195249875,0.17616606585441102
1130,0.0,0.0,-12.0,0.0,0.0,GLOBAL,28.863570051192625,2.9948231195249875,0.17616606585441102
1131,0.0,0.0,-12.0,0.0,0.0,GLOBAL,28.77831414452859,2.9948231195249875,0.17616606585441102
1132,0.0,0.0,-12.0,0.0,0.0,GLOBAL,28.729138714502916,2.9948231195249875,0.17616606585441102
1133,0.0,0.0,-12.0,0.0,0.0,GLOBAL,28.893110359411004,2.9948231195249875,0.17616606585441102
1134,0.0,0.0,-12.0,0.0,0.0,GLOBAL,28.865619059943562,2.9948231195249875,0.17616606585441102
1135,0.0,0.0,-12.0,0.0,0.0,GLOBAL,28.860470198316225,2.9948231195249875,0.17616606585441102
1136,0.0,0.0,-12.0,0.0,0.0,GLOBAL,28.814062336700484,2.9948231195249875,0.17616606585441102
1137,0.0,0.0,-12.0,0.0,0.0,GLOBAL,28.86516907254615,2.9948231195249875,0.17616606585441102
1138,0.0,0.0,-12.0,0.0,0.0,GLOBAL,28.89871374410785,2.9948231195249875,0.17616606585441102
1139,0.0,0.0,-12.0,0.0,0.0,GLOBAL,28.80468365988157,2.9948231195249875,0.17616606585441102
1140,0.0,0.0,-12.0,0.0,0.0,GLOBAL,28.818113069555185,2.9948231195249875,0.17616606585441102
1141,0.0,0.0,-12.0,0.0,0.0,GLOBAL,28.840066348483923,2.9948231195249875,0.17616606585441102
1142,0.0,0.0,-12.0,0.0,0.0,GLOBAL,28.85401840660735,2.9948231195249875,0.17616606585441102
1143,0.0,0.0,-12.0,0.0,0.0,GLOBAL,28.858260726078584,2.9948231195249875,0.17616606585441102
1144,0.0,0.0,-12.0,0.0,0.0,GLOBAL,28.82548646463433,2.9948231195249875,0.17616606585441102
1145,0.0,0.0,-12.0,0.0,0.0,GLOBAL,28.904156239982825,2.9948231195249875,0.17616606585441102
1146,0.0,0.0,-12.0,0.0,0.0,GLOBAL,28.817745016003315,2.9948231195249875,0.17616606585441102
1147,0.0,0.0,-12.0,0.0,0.0,GLOBAL,28.865011195188362,2.9948231195249875,0.17616606585441102
1148,0.0,0.0,-12.0,0.0,0.0,GLOBAL,28.872630001664096,2.9948231195249875,0.17616606585441102
1149,0.0,0.0,-12.0,0.0,0.0,GLOBAL,28.880561844032826,2.9948231195249875,0.17616606585441102
1150,0.0,0.0,-12.0,0.0,0.0,GLOBAL,28.87313660875811,2.9948231195249875,0.17616606585441102
1151,0.0,0.0,-12.0,0.0,0.0,GLOBAL,28.90591804479608,2.9948231195249875,0.17616606585441102
1152,0.0,0.0,-12.0,0.0,0.0,GLOBAL,28.817195372244882,2.9948231195249875,0.17616606585441102
1153,0.0,0.0,-12.0,0.0,0.0,GLOBAL,28.769599292993934,2.9948231195249875,0.17616606585441102
1154,0.0,0.0,-12.0,0.0,0.0,GLOBAL,28.851017836880374,2.9948231195249875,0.17616606585441102
1155,0.0,0.0,-12.0,0.0,0.0,GLOBAL,28.887021073024204,2.9948231195249875,0.17616606585441102
1156,0.0,0.0,-12.0,0.0,0.0,GLOBAL,28.844977630469348,2.9948231195249875,0.17616606585441102
1157,0.0,0.0,-12.0,0.0,0.0,GLOBAL,28.936423739546598,2.9948231195249875,0.17616606585441102
1158,0.0,0.0,-12.0,0.0,0.0,GLOBAL,28.719620864781422,2.9948231195249875,0.17616606585441102
1159,0.0,0.0,-12.0,0.0,0.0,GLOBAL,28.888456577917943,2.9948231195249875,0.17616606585441102
1160,0.0,0.0,-12.0,0.0,0.0,GLOBAL,28.81669826011412,2.9948231195249875,0.17616606585441102
1161,0.0,0.0,-12.0,0.0,0.0,GLOBAL,28.922765709618183,2.9948231195249875,0.17616606585441102
1162,0.0,0.0,-12.0,0.0,0.0,GLOBAL,28.838747414602665,2.9948231195249875,0.17616606585441102
1163,0.0,0.0,-12.0,0.0,0.0,GLOBAL,28.844865373892905,2.9948231195249875,0.17616606585441102
1164,0.0,0.0,-12.0,0.0,0.0,GLOBAL,28.84396514915352,2.9948231195249875,0.17616606585441102
1165,0.0,0.0,-12.0,0.0,0.0,GLOBAL,28.855318379520597,2.9948231195249875,0.17616606585441102
1166,0.0,0.0,-12.0,0.0,0.0,GLOBAL,28.876946364135918,2.9948231195249875,0.17616606585441102
1167,0.0,0.0,-12.0,0.0,0.0,GLOBAL,28.905894198990868,2.9948231195249875,0.17616606585441102
1168,0.0,0.0,-12.0,0.0,0.0,GLOBAL,28.785932072102387,2.9948231195249875,0.17616606585441102
1169,0.0,0.0,-12.0,0.0,0.0,GLOBAL,28.79805818510329,2.9948231195249875,0.17616606585441102
1170,0.0,0.0,-12.0,0.0,0.0,GLOBAL,28.8396019046887,2.9948231195249875,0.17616606585441102
1171,0.0,0.0,-12.0,0.0,0.0,GLOBAL,28.791892384754753,2.9948231195249875,0.17616606585441102
1172,0.0,0.0,-12.0,0.0,0.0,GLOBAL,28.808396335404765,2.9948231195249875,0.17616606585441102
1173,0.0,0.0,-12.0,0.0,0.0,GLOBAL,28.819126494749753,2.9948231195249875,0.17616606585441102
1174,0.0,0.0,-12.0,0.0,0.0,GLOBAL,28.827746939076228,2.9948231195249875,0.17616606585441102
1175,0.0,0.0,-12.0,0.0,0.0,GLOBAL,28.932816590477557,2.9948231195249875,0.17616606585441102
1176,0.0,0.0,-12.0,0.0,0.0,GLOBAL,28.88343154782755,2.9948231195249875,0.17616606585441102
1177,0.0,0.0,-12.0,0.0,0.0,GLOBAL,28.900243946216875,2.9948231195249875,0.17616606585441102
1178,0.0,0.0,-12.0,0.0,0.0,GLOBAL,28.811198171335334,2.9948231195249875,0.17616606585441102
1179,0.0,0.0,-12.0,0.0,0.0,GLOBAL,28.865099539090828,2.9948231195249875,0.17616606585441102
1180,0.0,0.0,-12.0,0.0,0.0,GLOBAL,28.824080184390162,2.9948231195249875,0.17616606585441102
1181,0.0,0.0,-12.0,0.0,0.0,GLOBAL,28.919842106963436,2.9948231195249875,0.17616606585441102
1182,0.0,0.0,-12.0,0.0,0.0,GLOBAL,28.889403245250342,2.9948231195249875,0.17616606585441102
1183,0.0,0.0,-12.0,0.0,0.0,GLOBAL,28.915936159871592,2.9948231195249875,0.17616606585441102
1184,0.0,0.0,-12.0,0.0,0.0,GLOBAL,28.81120894627504,2.9948231195249875,0.17616606585441102
1185,0.0,0.0,-12.0,0.0,0.0,GLOBAL,28.76393710321992,2.9948231195249875,0.17616606585441102
1186,0.0,0.0,-12.0,0.0,0.0,GLOBAL,28.899718958873596,2.9948231195249875,0.17616606585441102
1187,0.0,0.0,-12.0,0.0,0.0,GLOBAL,28.778306578695837,2.9948231195249875,0.17616606585441102
1188,0.0,0.0,-12.0,0.0,0.0,GLOBAL,28.92332296431598,2.9948231195249875,0.17616606585441102
1189,0.0,0.0,-12.0,0.0,0.0,GLOBAL,28.860127834237055,2.9948231195249875,0.17616606585441102
1190,0.0,0.0,-12.0,0.0,0.0,GLOBAL,28.900610917118488,2.9948231195249875,0.17616606585441102
1191,0.0,0.0,-12.0,0.0,0.0,GLOBAL,28.761082476161864,2.9948231195249875,0.17616606585441102
1192,0.0,0.0,-12.0,0.0,0.0,GLOBAL,28.814883855889978,2.9948231195249875,0.17616606585441102
1193,0.0,0.0,-12.0,0.0,0.0,GLOBAL,28.84342393627208,2.9948231195249875,0.17616606585441102
1194,0.0,0.0,-12.0,0.0,0.0,GLOBAL,28.823847613678907,2.9948231195249875,0.17616606585441102
1195,0.0,0.0,-12.0,0.0,0.0,GLOBAL,28.891764444268173,2.9948231195249875,0.17616606585441102
1196,0.0,0.0,-12.0,0.0,0.0,GLOBAL,28.866460741965383,2.9948231195249875,0.17616606585441102
1197,0.0,0.0,-12.0,0.0,0.0,GLOBAL,28.798551107756328,2.9948231195249875,0.17616606585441102
1198,0.0,0.0,-12.0,0.0,0.0,GLOBAL,28.850035632635155,2.9948231195249875,0.17616606585441102
1199,0.0,0.0,-12.0,0.0,0.0,GLOBAL,28.831361177354108,2.9948231195249875,0.17616606585441102
1200,0.0,0.0,-12.0,0.0,0.0,GLOBAL,28.88477571361827,2.9948231195249875,0.17616606585441102
1201,0.0,0.0,-12.0,0.0,0.0,GLOBAL,28.820286430144407,2.9948231195249875,0.17616606585441102
1202,0.0,0.0,-12.0,0.0,0.0,GLOBAL,28.824701677748116,2.9948231195249875,0.17616606585441102
1203,0.0,0.0,-12.0,0.0,0.0,GLOBAL,28.810779601163677,2.9948231195249875,0.17616606585441102
1204,0.0,0.0,-12.0,0.0,0.0,GLOBAL,28.795179276646294,2.9948231195249875,0.17616606585441102
1205,0.0,0.0,-12.0,0.0,0.0,GLOBAL,28.84452712947936,2.9948231195249875,0.17616606585441102
1206,0.0,0.0,-12.0,0.0,0.0,GLOBAL,28.857873863470168,2.9948231195249875,0.17616606585441102
1207,0.0,0.0,-12.0,0.0,0.0,GLOBAL,28.911246488796284,2.9948231195249875,0.17616606585441102
1208,0.0,0.0,-12.0,0.0,0.0,GLOBAL,28.91302935931184,2.9948231195249875,0.17616606585441102
1209,0.0,0.0,-12.0,0.0,0.0,GLOBAL,28.786257927237397,2.9948231195249875,0.17616606585441102
1210,0.0,0.0,-12.0,0.0,0.0,GLOBAL,28.772227335801745,2.9948231195249875,0.17616606585441102
1211,0.0,0.0,-12.0,0.0,0.0,GLOBAL,28.89045681938878,2.9948231195249875,0.17616606585441102
1212,0.0,0.0,-12.0,0.0,0.0,GLOBAL,28.884562682211108,2.9948231195249875,0.17616606585441102
1213,0.0,0.0,-12.0,0.0,0.0,GLOBAL,28.83301515100863,2.9948231195249875,0.17616606585441102
1214,0.0,0.0,-12.0,0.0,0.0,GLOBAL,28.80455220860712,2.9948231195249875,0.17616606585441102
1215,0.0,0.0,-12.0,0.0,0.0,GLOBAL,28.865594591341186,2.9948231195249875,0.17616606585441102
1216,0.0,0.0,-12.0,0.0,0.0,GLOBAL,28.857563694147636,2.9948231195249875,0.17616606585441102
1217,0.0,0.0,-12.0,0.0,0.0,GLOBAL,28.8515545377081,2.9948231195249875,0.17616606585441102
1218,0.0,0.0,-12.0,0.0,0.0,GLOBAL,28.81605286070362,2.9948231195249875,0.17616606585441102
1219,0.0,0.0,-12.0,0.0,0.0,GLOBAL,28.889452839266013,2.9948231195249875,0.17616606585441102
1220,0.0,0.0,-12.0,0.0,0.0,GLOBAL,28.904834417786958,2.9948231195249875,0.17616606585441102
1221,0.0,0.0,-12.0,0.0,0.0,GLOBAL,28.86712818985404,2.9948231195249875,0.17616606585441102
1222,0.0,0.0,-12.0,0.0,0.0,GLOBAL,28.88865672293105,2.9948231195249875,0.17616606585441102
1223,0.0,0.0,-12.0,0.0,0.0,GLOBAL,28.866954007803034,2.9948231195249875,0.17616606585441102
1224,0.0,0.0,-12.0,0.0,0.0,GLOBAL,28.738597577259636,2.9948231195249875,0.17616606585441102
1225,0.0,0.0,-12.0,0.0,0.0,GLOBAL,28.82089424010886,2.9948231195249875,0.17616606585441102
1226,0.0,0.0,-12.0,0.0,0.0,GLOBAL,28.876994456166468,2.9948231195249875,0.17616606585441102
1227,0.0,0.0,-12.0,0.0,0.0,GLOBAL,28.879174780282174,2.9948231195249875,0.17616606585441102
1228,0.0,0.0,-12.0,0.0,0.0,GLOBAL,28.90734159652943,2.9948231195249875,0.17616606585441102
1229,0.0,0.0,-12.0,0.0,0.0,GLOBAL,28.787638556173334,2.9948231195249875,0.17616606585441102
1230,0.0,0.0,-12.0,0.0,0.0,GLOBAL,28.83256283272016,2.9948231195249875,0.17616606585441102
1231,0.0,0.0,-12.0,0.0,0.0,GLOBAL,28.804543931528706,2.9948231195249875,0.17616606585441102
1232,0.0,0.0,-12.0,0.0,0.0,GLOBAL,28.891424321167396,2.9948231195249875,0.17616606585441102
1233,0.0,0.0,-12.0,0.0,0.0,GLOBAL,28.85817012219948,2.9948231195249875,0.17616606585441102
1234,0.0,0.0,-12.0,0.0,0.0,GLOBAL,28.948862021408008,2.9948231195249875,0.17616606585441102
1235,0.0,0.0,-12.0,0.0,0.0,GLOBAL,28.798602400864542,2.9948231195249875,0.17616606585441102
1236,0.0,0.0,-12.0,0.0,0.0,GLOBAL,28.85195241065049,2.9948231195249875,0.17616606585441102
1237,0.0,0.0,-12.0,0.0,0.0,GLOBAL,28.794491757831747,2.9948231195249875,0.17616606585441102
1238,0.0,0.0,-12.0,0.0,0.0,GLOBAL,28.818645454641885,2.9948231195249875,0.17616606585441102
1239,0.0,0.0,-12.0,0.0,0.0,GLOBAL,28.855077145491634,2.9948231195249875,0.17616606585441102
1240,0.0,0.0,-12.0,0.0,0.0,GLOBAL,28.900233385672685,2.9948231195249875,0.17616606585441102
1241,0.0,0.0,-12.0,0.0,0.0,GLOBAL,28.772181429926892,2.9948231195249875,0.17616606585441102
1242,0.0,0.0,-12.0,0.0,0.0,GLOBAL,28.84290128639533,2.9948231195249875,0.17616606585441102
1243,0.0,0.0,-12.0,0.0,0.0,GLOBAL,28.856849832294515,2.9948231195249875,0.17616606585441102
1244,0.0,0.0,-12.0,0.0,0.0,GLOBAL,28.815990644946258,2.9948231195249875,0.17616606585441102
1245,0.0,0.0,-12.0,0.0,0.0,GLOBAL,28.798294053114628,2.9948231195249875,0.17616606585441102
1246,0.0,0.0,-12.0,0.0,0.0,GLOBAL,28.806534316761855,2.9948231195249875,0.17616606585441102
1247,0.0,0.0,-12.0,0.0,0.0,GLOBAL,28.90311184654223,2.9948231195249875,0.17616606585441102
1248,0.0,0.0,-12.0,0.0,0.0,GLOBAL,28.792159345397636,2.9948231195249875,0.17616606585441102
1249,0.0,0.0,-12.0,0.0,0.0,GLOBAL,28.866995380139404,2.9948231195249875,0.17616606585441102
1250,0.0,0.0,-12.0,0.0,0.0,GLOBAL,28.92271319314168,2.9948231195249875,0.17616606585441102
1251,0.0,0.0,-12.0,0.0,0.0,GLOBAL,28.819874404990706,2.9948231195249875,0.17616606585441102
1252,0.0,0.0,-12.0,0.0,0.0,GLOBAL,28.95088329787412,2.9948231195249875,0.17616606585441102
1253,0.0,0.0,-12.0,0.0,0.0,GLOBAL,28.825229236117387,2.9948231195249875,0.17616606585441102
1254,0.0,0.0,-12.0,0.0,0.0,GLOBAL,28.89237861217774,2.9948231195249875,0.17616606585441102
1255,0.0,0.0,-12.0,0.0,0.0,GLOBAL,28.663579549508334,2.9948231195249875,0.17616606585441102
1256,0.0,0.0,-12.0,0.0,0.0,GLOBAL,28.886953222246476,2.9948231195249875,0.17616606585441102
1257,0.0,0.0,-12.0,0.0,0.0,GLOBAL,28.83554528788678,2.9948231195249875,0.17616606585441102
1258,0.0,0.0,-12.0,0.0,0.0,GLOBAL,28.8349049272752,2.9948231195249875,0.17616606585441102
1259,0.0,0.0,-12.0,0.0,0.0,GLOBAL,28.85336479896256,2.9948231195249875,0.17616606585441102
1260,0.0,0.0,-12.0,0.0,0.0,GLOBAL,28.750341822601776,2.9948231195249875,0.17616606585441102
1261,0.0,0.0,-12.0,0.0,0.0,GLOBAL,28.824368004442164,2.9948231195249875,0.17616606585441102
1262,0.0,0.0,-12.0,0.0,0.0,GLOBAL,28.879701003655594,2.9948231195249875,0.17616606585441102
1263,0.0,0.0,-12.0,0.0,0.0,GLOBAL,28.86043417260733,2.9948231195249875,0.17616606585441102
1264,0.0,0.0,-12.0,0.0,0.0,GLOBAL,28.821873454097275,2.9948231195249875,0.17616606585441102
1265,0.0,0.0,-12.0,0.0,0.0,GLOBAL,28.878541481778814,2.9948231195249875,0.17616606585441102
1266,0.0,0.0,-12.0,0.0,0.0,GLOBAL,28.902811383549317,2.9948231195249875,0.17616606585441102
1267,0.0,0.0,-12.0,0.0,0.0,GLOBAL,28.764170020207505,2.9948231195249875,0.17616606585441102
1268,0.0,0.0,-12.0,0.0,0.0,GLOBAL,28.803892420013305,2.9948231195249875,0.17616606585441102
1269,0.0,0.0,-12.0,0.0,0.0,GLOBAL,28.788495051016792,2.9948231195249875,0.17616606585441102
1270,0.0,0.0,-12.0,0.0,0.0,GLOBAL,28.847857000809178,2.9948231195249875,0.17616606585441102
1271,0.0,0.0,-12.0,0.0,0.0,GLOBAL,28.776915817052945,2.9948231195249875,0.17616606585441102
1272,0.0,0.0,-12.0,0.0,0.0,GLOBAL,28.807136222826475,2.9948231195249875,0.17616606585441102
1273,0.0,0.0,-12.0,0.0,0.0,GLOBAL,28.786162596000572,2.9948231195249875,0.17616606585441102
1274,0.0,0.0,-12.0,0.0,0.0,GLOBAL,28.9092078620512,2.9948231195249875,0.17616606585441102
1275,0.0,0.0,-12.0,0.0,0.0,GLOBAL,28.817058077815968,2.9948231195249875,0.17616606585441102
1276,0.0,0.0,-12.0,0.0,0.0,GLOBAL,28.80134941162462,2.9948231195249875,0.17616606585441102
1277,0.0,0.0,-12.0,0.0,0.0,GLOBAL,28.889752814646435,2.9948231195249875,0.17616606585441102
1278,0.0,0.0,-12.0,0.0,0.0,GLOBAL,28.7765171361372,2.9948231195249875,0.17616606585441102
1279,0.0,0.0,-12.0,0.0,0.0,GLOBAL,28.888224856411874,2.9948231195249875,0.17616606585441102
1280,0.0,0.0,-12.0,0.0,0.0,GLOBAL,28.916751484428307,2.9948231195249875,0.17616606585441102
1281,0.0,0.0,-12.0,0.0,0.0,GLOBAL,28.873069047454482,2.9948231195249875,0.17616606585441102
1282,0.0,0.0,-12.0,0.0,0.0,GLOBAL,28.893978204968576,2.9948231195249875,0.17616606585441102
1283,0.0,0.0,-12.0,0.0,0.0,GLOBAL,28.901325755953625,2.9948231195249875,0.17616606585441102
1284,0.0,0.0,-12.0,0.0,0.0,GLOBAL,28.858618723365293,2.9948231195249875,0.17616606585441102
1285,0.0,0.0,-12.0,0.0,0.0,GLOBAL,28.841876552889342,2.9948231195249875,0.17616606585441102
1286,0.0,0.0,-12.0,0.0,0.0,GLOBAL,28.817924843415152,2.9948231195249875,0.17616606585441102
1287,0.0,0.0,-12.0,0.0,0.0,GLOBAL,28.827853390763597,2.9948231195249875,0.17616606585441102
1288,0.0,0.0,-12.0,0.0,0.0,GLOBAL,28.871480320072564,2.9948231195249875,0.17616606585441102
1289,0.0,0.0,-12.0,0.0,0.0,GLOBAL,28.86536514892128,2.9948231195249875,0.17616606585441102
1290,0.0,0.0,-12.0,0.0,0.0,GLOBAL,28.76522281756516,2.9948231195249875,0.17616606585441102
1291,0.0,0.0,-12.0,0.0,0.0,GLOBAL,28.82934699448057,2.9948231195249875,0.17616606585441102
1292,0.0,0.0,-12.0,0.0,0.0,GLOBAL,28.857217345581695,2.9948231195249875,0.17616606585441102
1293,0.0,0.0,-12.0,0.0,0.0,GLOBAL,28.88178151542719,2.9948231195249875,0.17616606585441102
1294,0.0,0.0,-12.0,0.0,0.0,GLOBAL,28.7897462146771,2.9948231195249875,0.17616606585441102
1295,0.0,0.0,-12.0,0.0,0.0,GLOBAL,28.86021555110243,2.9948231195249875,0.17616606585441102
1296,0.0,0.0,-12.0,0.0,0.0,GLOBAL,28.86973014199175,2.9948231195249875,0.17616606585441102
1297,0.0,0.0,-12.0,0.0,0.0,GLOBAL,28.838954125712334,2.9948231195249875,0.17616606585441102
1298,0.0,0.0,-12.0,0.0,0.0,GLOBAL,28.89719320077538,2.9948231195249875,0.17616606585441102
1299,0.0,0.0,-12.0,0.0,0.0,GLOBAL,28.88867736012445,2.9948231195249875,0.17616606585441102
1300,0.0,0.0,-12.0,0.0,0.0,GLOBAL,28.883451779884847,2.9948231195249875,0.17616606585441102
1301,0.0,0.0,-12.0,0.0,0.0,GLOBAL,28.84566244084254,2.9948231195249875,0.17616606585441102
1302,0.0,0.0,-12.0,0.0,0.0,GLOBAL,28.87782428503638,2.9948231195249875,0.17616606585441102
1303,0.0,0.0,-12.0,0.0,0.0,GLOBAL,28.902302369548487,2.9948231195249875,0.17616606585441102
1304,0.0,0.0,-12.0,0.0,0.0,GLOBAL,28.87119512041475,2.9948231195249875,0.17616606585441102
1305,0.0,0.0,-12.0,0.0,0.0,GLOBAL,28.814356229683234,2.9948231195249875,0.17616606585441102
1306,0.0,0.0,-12.0,0.0,0.0,GLOBAL,28.843727812163852,2.9948231195249875,0.17616606585441102
1307,0.0,0.0,-12.0,0.0,0.0,GLOBAL,28.805318613773483,2.9948231195249875,0.17616606585441102
1308,0.0,0.0,-12.0,0.0,0.0,GLOBAL,28.831813448733485,2.9948231195249875,0.17616606585441102
1309,0.0,0.0,-12.0,0.0,0.0,GLOBAL,28.75765288422439,2.9948231195249875,0.17616606585441102
1310,0.0,0.0,-12.0,0.0,0.0,GLOBAL,28.846663882001312,2.9948231195249875,0.17616606585441102
1311,0.0,0.0,-12.0,0.0,0.0,GLOBAL,28.79965226469653,2.9948231195249875,0.17616606585441102
1312,0.0,0.0,-12.0,0.0,0.0,GLOBAL,28.793564820045557,2.9948231195249875,0.17616606585441102
1313,0.0,0.0,-12.0,0.0,0.0,GLOBAL,28.93747012401877,2.9948231195249875,0.17616606585441102
1314,0.0,0.0,-12.0,0.0,0.0,GLOBAL,28.93203097447781,2.9948231195249875,0.17616606585441102
1315,0.0,0.0,-12.0,0.0,0.0,GLOBAL,28.833868673523344,2.9948231195249875,0.17616606585441102
1316,0.0,0.0,-12.0,0.0,0.0,GLOBAL,28.810391699083247,2.9948231195249875,0.17616606585441102
1317,0.0,0.0,-12.0,0.0,0.0,GLOBAL,28.862313694165696,2.9948231195249875,0.17616606585441102
1318,0.0,0.0,-12.0,0.0,0.0,GLOBAL,28.86468998337454,2.9948231195249875,0.17616606585441102
1319,0.0,0.0,-12.0,0.0,0.0,GLOBAL,28.744152770610853,2.9948231195249875,0.17616606585441102
1320,0.0,0.0,-12.0,0.0,0.0,GLOBAL,28.823907777661024,2.9948231195249875,0.17616606585441102
1321,0.0,0.0,-12.0,0.0,0.0,GLOBAL,28.886142260813735,2.9948231195249875,0.17616606585441102
1322,0.0,0.0,-12.0,0.0,0.0,GLOBAL,28.81611808348691,2.9948231195249875,0.17616606585441102
1323,0.0,0.0,-12.0,0.0,0.0,GLOBAL,28.85019325561722,2.9948231195249875,0.17616606585441102
1324,0.0,0.0,-12.0,0.0,0.0,GLOBAL,28.838708414940665,2.9948231195249875,0.17616606585441102
1325,0.0,0.0,-12.0,0.0,0.0,GLOBAL,28.838103646525596,2.9948231195249875,0.17616606585441102
1326,0.0,0.0,-12.0,0.0,0.0,GLOBAL,28.869588089217157,2.9948231195249875,0.17616606585441102
1327,0.0,0.0,-12.0,0.0,0.0,GLOBAL,28.885340141362377,2.9948231195249875,0.17616606585441102
1328,0.0,0.0,-12.0,0.0,0.0,GLOBAL,28.792365402107958,2.9948231195249875,0.17616606585441102
1329,0.0,0.0,-12.0,0.0,0.0,GLOBAL,28.85749999601323,2.9948231195249875,0.17616606585441102
1330,0.0,0.0,-12.0,0.0,0.0,GLOBAL,28.83765384752154,2.9948231195249875,0.17616606585441102
1331,0.0,0.0,-12.0,0.0,0.0,GLOBAL,28.844587649346934,2.9948231195249875,0.17616606585441102
1332,0.0,0.0,-12.0,0.0,0.0,GLOBAL,28.832574347042225,2.9948231195249875,0.17616606585441102
1333,0.0,0.0,-12.0,0.0,0.0,GLOBAL,28.82790945197406,2.9948231195249875,0.17616606585441102
1334,0.0,0.0,-12.0,0.0,0.0,GLOBAL,28.8706858592209,2.9948231195249875,0.17616606585441102
1335,0.0,0.0,-12.0,0.0,0.0,GLOBAL,28.816871282381218,2.9948231195249875,0.17616606585441102
1336,0.0,0.0,-12.0,0.0,0.0,GLOBAL,28.80919559180019,2.9948231195249875,0.17616606585441102
1337,0.0,0.0,-12.0,0.0,0.0,GLOBAL,28.88719746356147,2.9948231195249875,0.17616606585441102
1338,0.0,0.0,-12.0,0.0,0.0,GLOBAL,28.95060793898966,2.9948231195249875,0.17616606585441102
1339,0.0,0.0,-12.0,0.0,0.0,GLOBAL,28.862345088346334,2.9948231195249875,0.17616606585441102
1340,0.0,0.0,-12.0,0.0,0.0,GLOBAL,28.79003814391107,2.9948231195249875,0.17616606585441102
1341,0.0,0.0,-12.0,0.0,0.0,GLOBAL,28.928338588645254,2.9948231195249875,0.17616606585441102
1342,0.0,0.0,-12.0,0.0,0.0,GLOBAL,28.8519991345109,2.9948231195249875,0.17616606585441102
1343,0.0,0.0,-12.0,0.0,0.0,GLOBAL,28.926450516611997,2.9948231195249875,0.17616606585441102
1344,0.0,0.0,-12.0,0.0,0.0,GLOBAL,28.833496152260913,2.9948231195249875,0.17616606585441102
1345,0.0,0.0,-12.0,0.0,0.0,GLOBAL,28.88474350842804,2.9948231195249875,0.17616606585441102
1346,0.0,0.0,-12.0,0.0,0.0,GLOBAL,28.836563639924083,2.9948231195249875,0.17616606585441102
1347,0.0,0.0,-12.0,0.0,0.0,GLOBAL,28.832432098627656,2.9948231195249875,0.17616606585441102
1348,0.0,0.0,-12.0,0.0,0.0,GLOBAL,28.876744777384356,2.9948231195249875,0.17616606585441102
1349,0.0,0.0,-12.0,0.0,0.0,GLOBAL,28.868647473058317,2.9948231195249875,0.17616606585441102
1350,0.0,0.0,-12.0,0.0,0.0,GLOBAL,28.76394437036821,2.9948231195249875,0.17616606585441102
1351,0.0,0.0,-12.0,0.0,0.0,GLOBAL,28.78881419002042,2.9948231195249875,0.17616606585441102
1352,0.0,0.0,-12.0,0.0,0.0,GLOBAL,28.802141581037223,2.9948231195249875,0.17616606585441102
1353,0.0,0.0,-12.0,0.0,0.0,GLOBAL,28.851480503357315,2.9948231195249875,0.17616606585441102
1354,0.0,0.0,-12.0,0.0,0.0,GLOBAL,28.856232485631757,2.9948231195249875,0.17616606585441102
1355,0.0,0.0,-12.0,0.0,0.0,GLOBAL,28.92359213996036,2.9948231195249875,0.17616606585441102
1356,0.0,0.0,-12.0,0.0,0.0,GLOBAL,28.840872060634307,2.9948231195249875,0.17616606585441102
1357,0.0,0.0,-12.0,0.0,0.0,GLOBAL,28.81813218390509,2.9948231195249875,0.17616606585441102
1358,0.0,0.0,-12.0,0.0,0.0,GLOBAL,28.91222070678673,2.9948231195249875,0.17616606585441102
1359,0.0,0.0,-12.0,0.0,0.0,GLOBAL,28.815866331525598,2.9948231195249875,0.17616606585441102
1360,0.0,0.0,-12.0,0.0,0.0,GLOBAL,28.84662843232268,2.9948231195249875,0.17616606585441102
1361,0.0,0.0,-12.0,0.0,0.0,GLOBAL,28.89424467415252,2.9948231195249875,0.17616606585441102
1362,0.0,0.0,-12.0,0.0,0.0,GLOBAL,28.82746707739407,2.9948231195249875,0.17616606585441102
1363,0.0,0.0,-12.0,0.0,0.0,GLOBAL,28.912391532986724,2.9948231195249875,0.17616606585441102
1364,0.0,0.0,-12.0,0.0,0.0,GLOBAL,28.889708307059223,2.9948231195249875,0.17616606585441102
1365,0.0,0.0,-12.0,0.0,0.0,GLOBAL,28.82014420639589,2.9948231195249875,0.17616606585441102
1366,0.0,0.0,-12.0,0.0,0.0,GLOBAL,28.89778877590304,2.9948231195249875,0.17616606585441102
1367,0.0,0.0,-12.0,0.0,0.0,GLOBAL,28.843367597819636,2.9948231195249875,0.17616606585441102
1368,0.0,0.0,-12.0,0.0,0.0,GLOBAL,28.941184045056822,2.9948231195249875,0.17616606585441102
1369,0.0,0.0,-12.0,0.0,0.0,GLOBAL,28.874595553711796,2.9948231195249875,0.17616606585441102
1370,0.0,0.0,-12.0,0.0,0.0,GLOBAL,28.887355816845258,2.9948231195249875,0.17616606585441102
1371,0.0,0.0,-12.0,0.0,0.0,GLOBAL,28.90524116965798,2.9948231195249875,0.17616606585441102
1372,0.0,0.0,-12.0,0.0,0.0,GLOBAL,28.835179528207185,2.9948231195249875,0.17616606585441102
1373,0.0,0.0,-12.0,0.0,0.0,GLOBAL,28.90659499249366,2.9948231195249875,0.17616606585441102
1374,0.0,0.0,-12.0,0.0,0.0,GLOBAL,28.889575085987026,2.9948231195249875,0.17616606585441102
1375,0.0,0.0,-12.0,0.0,0.0,GLOBAL,28.74842453731744,2.9948231195249875,0.17616606585441102
1376,0.0,0.0,-12.0,0.0,0.0,GLOBAL,28.797451716208624,2.9948231195249875,0.17616606585441102
1377,0.0,0.0,-12.0,0.0,0.0,GLOBAL,28.830853790858185,2.9948231195249875,0.17616606585441102
1378,0.0,0.0,-12.0,0.0,0.0,GLOBAL,28.883669784857346,2.9948231195249875,0.17616606585441102
1379,0.0,0.0,-12.0,0.0,0.0,GLOBAL,28.89539346235688,2.9948231195249875,0.17616606585441102
1380,0.0,0.0,-12.0,0.0,0.0,GLOBAL,28.83768323659341,2.9948231195249875,0.17616606585441102
1381,0.0,0.0,-12.0,0.0,0.0,GLOBAL,28.72753910200654,2.9948231195249875,0.17616606585441102
1382,0.0,0.0,-12.0,0.0,0.0,GLOBAL,28.879166488499038,2.9948231195249875,0.17616606585441102
1383,0.0,0.0,-12.0,0.0,0.0,GLOBAL,28.763812876785106,2.9948231195249875,0.17616606585441102
1384,0.0,0.0,-12.0,0.0,0.0,GLOBAL,28.944752277835494,2.9948231195249875,0.17616606585441102
1385,0.0,0.0,-12.0,0.0,0.0,GLOBAL,28.868441373472802,2.9948231195249875,0.17616606585441102
1386,0.0,0.0,-12.0,0.0,0.0,GLOBAL,28.77817923153491,2.9948231195249875,0.17616606585441102
1387,0.0,0.0,-12.0,0.0,0.0,GLOBAL,28.90355363433584,2.9948231195249875,0.17616606585441102
1388,0.0,0.0,-12.0,0.0,0.0,GLOBAL,28.896360145576804,2.9948231195249875,0.17616606585441102
1389,0.0,0.0,-12.0,0.0,0.0,GLOBAL,28.82927616241621,2.9948231195249875,0.17616606585441102
1390,0.0,0.0,-12.0,0.0,0.0,GLOBAL,28.767468284081257,2.9948231195249875,0.17616606585441102
1391,0.0,0.0,-12.0,0.0,0.0,GLOBAL,28.720008887410444,2.9948231195249875,0.17616606585441102
1392,0.0,0.0,-12.0,0.0,0.0,GLOBAL,28.733133011247062,2.9948231195249875,0.17616606585441102
1393,0.0,0.0,-12.0,0.0,0.0,GLOBAL,28.857298222161923,2.9948231195249875,0.17616606585441102
1394,0.0,0.0,-12.0,0.0,0.0,GLOBAL,28.804231202590923,2.9948231195249875,0.17616606585441102
1395,0.0,0.0,-12.0,0.0,0.0,GLOBAL,28.825436082308688,2.9948231195249875,0.17616606585441102
1396,0.0,0.0,-12.0,0.0,0.0,GLOBAL,28.81202105775671,2.9948231195249875,0.17616606585441102
1397,0.0,0.0,-12.0,0.0,0.0,GLOBAL,28.756553379852356,2.9948231195249875,0.17616606585441102
1398,0.0,0.0,-12.0,0.0,0.0,GLOBAL,28.86911953243228,2.9948231195249875,0.17616606585441102
1399,0.0,0.0,-12.0,0.0,0.0,GLOBAL,28.870887209927584,2.9948231195249875,0.17616606585441102
1400,0.0,0.0,-12.0,0.0,0.0,GLOBAL,28.828756079118847,2.9948231195249875,0.17616606585441102
1401,0.0,0.0,-12.0,0.0,0.0,GLOBAL,28.86914017580576,2.9948231195249875,0.17616606585441102
1402,0.0,0.0,-12.0,0.0,0.0,GLOBAL,28.881455592847868,2.9948231195249875,0.17616606585441102
1403,0.0,0.0,-12.0,0.0,0.0,GLOBAL,28.81890089807429,2.9948231195249875,0.17616606585441102
1404,0.0,0.0,-12.0,0.0,0.0,GLOBAL,28.85667336916243,2.9948231195249875,0.17616606585441102
1405,0.0,0.0,-12.0,0.0,0.0,GLOBAL,28.879105503469614,2.9948231195249875,0.17616606585441102
1406,0.0,0.0,-12.0,0.0,0.0,GLOBAL,28.908884060364006,2.9948231195249875,0.17616606585441102
1407,0.0,0.0,-12.0,0.0,0.0,GLOBAL,28.7890112631569,2.9948231195249875,0.17616606585441102
1408,0.0,0.0,-12.0,0.0,0.0,GLOBAL,28.8894312973572,2.9948231195249875,0.17616606585441102
1409,0.0,0.0,-12.0,0.0,0.0,GLOBAL,28.778586963740338,2.9948231195249875,0.17616606585441102
1410,0.0,0.0,-12.0,0.0,0.0,GLOBAL,28.849750030875274,2.9948231195249875,0.17616606585441102
1411,0.0,0.0,-12.0,0.0,0.0,GLOBAL,28.87507752141032,2.9948231195249875,0.17616606585441102
1412,0.0,0.0,-12.0,0.0,0.0,GLOBAL,28.84154119391111,2.9948231195249875,0.17616606585441102
1413,0.0,0.0,-12.0,0.0,0.0,GLOBAL,28.816438977501495,2.9948231195249875,0.17616606585441102
1414,0.0,0.0,-12.0,0.0,0.0,GLOBAL,28.841744899922748,2.9948231195249875,0.17616606585441102
1415,0.0,0.0,-12.0,0.0,0.0,GLOBAL,28.906742918242347,2.9948231195249875,0.17616606585441102
1416,0.0,0.0,-12.0,0.0,0.0,GLOBAL,28.83339131890501,2.9948231195249875,0.17616606585441102
1417,0.0,0.0,-12.0,0.0,0.0,GLOBAL,28.90369265443704,2.9948231195249875,0.17616606585441102
1418,0.0,0.0,-12.0,0.0,0.0,GLOBAL,28.891454201970042,2.9948231195249875,0.17616606585441102
1419,0.0,0.0,-12.0,0.0,0.0,GLOBAL,28.797820186295585,2.9948231195249875,0.17616606585441102
1420,0.0,0.0,-12.0,0.0,0.0,GLOBAL,28.94008518955418,2.9948231195249875,0.17616606585441102
1421,0.0,0.0,-12.0,0.0,0.0,GLOBAL,28.789793131990752,2.9948231195249875,0.17616606585441102
1422,0.0,0.0,-12.0,0.0,0.0,GLOBAL,28.847757711981977,2.9948231195249875,0.17616606585441102
1423,0.0,0.0,-12.0,0.0,0.0,GLOBAL,28.933831571863635,2.9948231195249875,0.17616606585441102
1424,0.0,0.0,-12.0,0.0,0.0,GLOBAL,28.885541206430005,2.9948231195249875,0.17616606585441102
1425,0.0,0.0,-12.0,0.0,0.0,GLOBAL,28.84104803456257,2.9948231195249875,0.17616606585441102
1426,0.0,0.0,-12.0,0.0,0.0,GLOBAL,28.816843380274843,2.9948231195249875,0.17616606585441102
1427,0.0,0.0,-12.0,0.0,0.0,GLOBAL,28.820471829727126,2.9948231195249875,0.17616606585441102
1428,0.0,0.0,-12.0,0.0,0.0,GLOBAL,28.833967292276586,2.9948231195249875,0.17616606585441102
1429,0.0,0.0,-12.0,0.0,0.0,GLOBAL,28.836209774562477,2.9948231195249875,0.17616606585441102
1430,0.0,0.0,-12.0,0.0,0.0,GLOBAL,28.82969724103424,2.9948231195249875,0.17616606585441102
1431,0.0,0.0,-12.0,0.0,0.0,GLOBAL,28.80653040226067,2.9948231195249875,0.17616606585441102
1432,0.0,0.0,-12.0,0.0,0.0,GLOBAL,28.830573018660264,2.9948231195249875,0.17616606585441102
1433,0.0,0.0,-12.0,0.0,0.0,GLOBAL,28.83585270155885,2.9948231195249875,0.17616606585441102
1434,0.0,0.0,-12.0,0.0,0.0,GLOBAL,28.826222704272332,2.9948231195249875,0.17616606585441102
1435,0.0,0.0,-12.0,0.0,0.0,GLOBAL,28.845506092785158,2.9948231195249875,0.17616606585441102
1436,0.0,0.0,-12.0,0.0,0.0,GLOBAL,28.96194895573639,2.9948231195249875,0.17616606585441102
1437,0.0,0.0,-12.0,0.0,0.0,GLOBAL,28.821489146959607,2.9948231195249875,0.17616606585441102
1438,0.0,0.0,-12.0,0.0,0.0,GLOBAL,28.7297829233198,2.9948231195249875,0.17616606585441102
1439,0.0,0.0,-12.0,0.0,0.0,GLOBAL,28.928302053757648,2.9948231195249875,0.17616606585441102
1440,0.0,0.0,-12.0,0.0,0.0,GLOBAL,28.808240288242974,2.9948231195249875,0.17616606585441102
1441,0.0,0.0,-12.0,0.0,0.0,GLOBAL,28.84257341166427,2.9948231195249875,0.17616606585441102
1442,0.0,0.0,-12.0,0.0,0.0,GLOBAL,28.749312593925563,2.9948231195249875,0.17616606585441102
1443,0.0,0.0,-12.0,0.0,0.0,GLOBAL,28.861649362264366,2.9948231195249875,0.17616606585441102
1444,0.0,0.0,-12.0,0.0,0.0,GLOBAL,28.887188352562035,2.9948231195249875,0.17616606585441102
1445,0.0,0.0,-12.0,0.0,0.0,GLOBAL,28.864468697747565,2.9948231195249875,0.17616606585441102
1446,0.0,0.0,-12.0,0.0,0.0,GLOBAL,28.849221484376994,2.9948231195249875,0.17616606585441102
1447,0.0,0.0,-12.0,0.0,0.0,GLOBAL,28.882251790408294,2.9948231195249875,0.17616606585441102
1448,0.0,0.0,-12.0,0.0,0.0,GLOBAL,28.91473249043832,2.9948231195249875,0.17616606585441102
1449,0.0,0.0,-12.0,0.0,0.0,GLOBAL,28.83063185778734,2.9948231195249875,0.17616606585441102
1450,0.0,0.0,-12.0,0.0,0.0,GLOBAL,28.97499299028931,2.9948231195249875,0.17616606585441102
1451,0.0,0.0,-12.0,0.0,0.0,GLOBAL,28.766139286787944,2.9948231195249875,0.17616606585441102
1452,0.0,0.0,-12.0,0.0,0.0,GLOBAL,28.775308867648285,2.9948231195249875,0.17616606585441102
1453,0.0,0.0,-12.0,0.0,0.0,GLOBAL,28.86994035213572,2.9948231195249875,0.17616606585441102
1454,0.0,0.0,-12.0,0.0,0.0,GLOBAL,28.816085540244913,2.9948231195249875,0.17616606585441102
1455,0.0,0.0,-12.0,0.0,0.0,GLOBAL,28.875804436317267,2.9948231195249875,0.17616606585441102
1456,0.0,0.0,-12.0,0.0,0.0,GLOBAL,28.901920765711058,2.9948231195249875,0.17616606585441102
1457,0.0,0.0,-12.0,0.0,0.0,GLOBAL,28.89304065665197,2.9948231195249875,0.17616606585441102
1458,0.0,0.0,-12.0,0.0,0.0,GLOBAL,28.820812586673924,2.9948231195249875,0.17616606585441102
1459,0.0,0.0,-12.0,0.0,0.0,GLOBAL,28.78640368556529,2.9948231195249875,0.17616606585441102
1460,0.0,0.0,-12.0,0.0,0.0,GLOBAL,28.87660424386459,2.9948231195249875,0.17616606585441102
1461,0.0,0.0,-12.0,0.0,0.0,GLOBAL,28.71556716272479,2.9948231195249875,0.17616606585441102
1462,0.0,0.0,-12.0,0.0,0.0,GLOBAL,28.85055648268546,2.9948231195249875,0.17616606585441102
1463,0.0,0.0,-12.0,0.0,0.0,GLOBAL,28.883705306697895,2.9948231195249875,0.17616606585441102
1464,0.0,0.0,-12.0,0.0,0.0,GLOBAL,28.864649016952676,2.9948231195249875,0.17616606585441102
1465,0.0,0.0,-12.0,0.0,0.0,GLOBAL,28.894482651048207,2.9948231195249875,0.17616606585441102
1466,0.0,0.0,-12.0,0.0,0.0,GLOBAL,28.8322878656804,2.9948231195249875,0.17616606585441102
1467,0.0,0.0,-12.0,0.0,0.0,GLOBAL,28.758136782144373,2.9948231195249875,0.17616606585441102
1468,0.0,0.0,-12.0,0.0,0.0,GLOBAL,28.943194286426298,2.9948231195249875,0.17616606585441102
1469,0.0,0.0,-12.0,0.0,0.0,GLOBAL,28.848091585411133,2.9948231195249875,0.17616606585441102
1470,0.0,0.0,-12.0,0.0,0.0,GLOBAL,28.922125208036793,2.9948231195249875,0.17616606585441102
1471,0.0,0.0,-12.0,0.0,0.0,GLOBAL,28.900067853653216,2.9948231195249875,0.17616606585441102
1472,0.0,0.0,-12.0,0.0,0.0,GLOBAL,28.753531610067146,2.9948231195249875,0.17616606585441102
1473,0.0,0.0,-12.0,0.0,0.0,GLOBAL,28.906025906237844,2.9948231195249875,0.17616606585441102
1474,0.0,0.0,-12.0,0.0,0.0,GLOBAL,28.88120181586749,2.9948231195249875,0.17616606585441102
1475,0.0,0.0,-12.0,0.0,0.0,GLOBAL,28.82360109700598,2.9948231195249875,0.17616606585441102
1476,0.0,0.0,-12.0,0.0,0.0,GLOBAL,28.880819503888688,2.9948231195249875,0.17616606585441102
1477,0.0,0.0,-12.0,0.0,0.0,GLOBAL,28.92237591729039,2.9948231195249875,0.17616606585441102
1478,0.0,0.0,-12.0,0.0,0.0,GLOBAL,28.7810318332562,2.9948231195249875,0.17616606585441102
1479,0.0,0.0,-12.0,0.0,0.0,GLOBAL,28.916296883651036,2.9948231195249875,0.17616606585441102
1480,0.0,0.0,-12.0,0.0,0.0,GLOBAL,28.905454687635046,2.9948231195249875,0.17616606585441102
1481,0.0,0.0,-12.0,0.0,0.0,GLOBAL,28.826149363502573,2.9948231195249875,0.17616606585441102
1482,0.0,0.0,-12.0,0.0,0.0,GLOBAL,28.80722734228189,2.9948231195249875,0.17616606585441102
1483,0.0,0.0,-12.0,0.0,0.0,GLOBAL,28.77317141783861,2.9948231195249875,0.17616606585441102
1484,0.0,0.0,-12.0,0.0,0.0,GLOBAL,28.883806699621807,2.9948231195249875,0.17616606585441102
1485,0.0,0.0,-12.0,0.0,0.0,GLOBAL,28.878603627821832,2.9948231195249875,0.17616606585441102
1486,0.0,0.0,-12.0,0.0,0.0,GLOBAL,28.913008332939935,2.9948231195249875,0.17616606585441102
1487,0.0,0.0,-12.0,0.0,0.0,GLOBAL,28.923894825297925,2.9948231195249875,0.17616606585441102
1488,0.0,0.0,-12.0,0.0,0.0,GLOBAL,28.86405796430081,2.9948231195249875,0.17616606585441102
1489,0.0,0.0,-12.0,0.0,0.0,GLOBAL,28.888051314946832,2.9948231195249875,0.17616606585441102
1490,0.0,0.0,-12.0,0.0,0.0,GLOBAL,28.801068916537062,2.9948231195249875,0.17616606585441102
1491,0.0,0.0,-12.0,0.0,0.0,GLOBAL,28.816602132728484,2.9948231195249875,0.17616606585441102
1492,0.0,0.0,-12.0,0.0,0.0,GLOBAL,28.810281754997074,2.9948231195249875,0.17616606585441102
1493,0.0,0.0,-12.0,0.0,0.0,GLOBAL,28.880203003812007,2.9948231195249875,0.17616606585441102
1494,0.0,0.0,-12.0,0.0,0.0,GLOBAL,28.750486200691743,2.9948231195249875,0.17616606585441102
1495,0.0,0.0,-12.0,0.0,0.0,GLOBAL,28.883820826869076,2.9948231195249875,0.17616606585441102
1496,0.0,0.0,-12.0,0.0,0.0,GLOBAL,28.846214668191305,2.9948231195249875,0.17616606585441102
1497,0.0,0.0,-12.0,0.0,0.0,GLOBAL,28.889812486086363,2.9948231195249875,0.17616606585441102
1498,0.0,0.0,-12.0,0.0,0.0,GLOBAL,28.83681814232553,2.9948231195249875,0.17616606585441102
1499,0.0,0.0,-12.0,0.0,0.0,GLOBAL,28.7837029397467,2.9948231195249875,0.17616606585441102
1500,0.0,0.0,-12.0,0.0,0.0,GLOBAL,28.948144577717315,2.9948231195249875,0.17616606585441102
1501,0.0,0.0,-12.0,0.0,0.0,GLOBAL,28.80841976600024,2.9948231195249875,0.17616606585441102
1502,0.0,0.0,-12.0,0.0,0.0,GLOBAL,28.86769455811769,2.9948231195249875,0.17616606585441102
1503,0.0,0.0,-12.0,0.0,0.0,GLOBAL,28.844863788059477,2.9948231195249875,0.17616606585441102
1504,0.0,0.0,-12.0,0.0,0.0,GLOBAL,28.824410604243536,2.9948231195249875,0.17616606585441102
1505,0.0,0.0,-12.0,0.0,0.0,GLOBAL,28.852779027310298,2.9948231195249875,0.17616606585441102
1506,0.0,0.0,-12.0,0.0,0.0,GLOBAL,28.809748596044532,2.9948231195249875,0.17616606585441102
1507,0.0,0.0,-12.0,0.0,0.0,GLOBAL,28.891150266990394,2.9948231195249875,0.17616606585441102
1508,0.0,0.0,-12.0,0.0,0.0,GLOBAL,28.893258095174883,2.9948231195249875,0.17616606585441102
1509,0.0,0.0,-12.0,0.0,0.0,GLOBAL,28.790087953804576,2.9948231195249875,0.17616606585441102
1510,0.0,0.0,-12.0,0.0,0.0,GLOBAL,28.871039969851083,2.9948231195249875,0.17616606585441102
1511,0.0,0.0,-12.0,0.0,0.0,GLOBAL,28.93184933411398,2.9948231195249875,0.17616606585441102
1512,0.0,0.0,-12.0,0.0,0.0,GLOBAL,28.865849118961588,2.9948231195249875,0.17616606585441102
1513,0.0,0.0,-12.0,0.0,0.0,GLOBAL,28.80889259580987,2.9948231195249875,0.17616606585441102
1514,0.0,0.0,-12.0,0.0,0.0,GLOBAL,28.90065118686008,2.9948231195249875,0.17616606585441102
1515,0.0,0.0,-12.0,0.0,0.0,GLOBAL,28.814514275277094,2.9948231195249875,0.17616606585441102
1516,0.0,0.0,-12.0,0.0,0.0,GLOBAL,28.828752669100577,2.9948231195249875,0.17616606585441102
1517,0.0,0.0,-12.0,0.0,0.0,GLOBAL,28.865805782534892,2.9948231195249875,0.17616606585441102
1518,0.0,0.0,-12.0,0.0,0.0,GLOBAL,28.90637640988128,2.9948231195249875,0.17616606585441102
1519,0.0,0.0,-12.0,0.0,0.0,GLOBAL,28.91989451984333,2.9948231195249875,0.17616606585441102
1520,0.0,0.0,-12.0,0.0,0.0,GLOBAL,28.90511589585345,2.9948231195249875,0.17616606585441102
1521,0.0,0.0,-12.0,0.0,0.0,GLOBAL,28.842945922780228,2.9948231195249875,0.17616606585441102
1522,0.0,0.0,-12.0,0.0,0.0,GLOBAL,28.863235621186735,2.9948231195249875,0.17616606585441102
1523,0.0,0.0,-12.0,0.0,0.0,GLOBAL,28.818628256861544,2.9948231195249875,0.17616606585441102
1524,0.0,0.0,-12.0,0.0,0.0,GLOBAL,28.91052558567199,2.9948231195249875,0.17616606585441102
1525,0.0,0.0,-12.0,0.0,0.0,GLOBAL,28.823199262054793,2.9948231195249875,0.17616606585441102
1526,0.0,0.0,-12.0,0.0,0.0,GLOBAL,28.902923011381542,2.9948231195249875,0.17616606585441102
1527,0.0,0.0,-12.0,0.0,0.0,GLOBAL,28.84599158726149,2.9948231195249875,0.17616606585441102
1528,0.0,0.0,-12.0,0.0,0.0,GLOBAL,28.84357797656872,2.9948231195249875,0.17616606585441102
1529,0.0,0.0,-12.0,0.0,0.0,GLOBAL,28.896299482262588,2.9948231195249875,0.17616606585441102
1530,0.0,0.0,-12.0,0.0,0.0,GLOBAL,28.779998616093973,2.9948231195249875,0.17616606585441102
1531,0.0,0.0,-12.0,0.0,0.0,GLOBAL,28.844447320941555,2.9948231195249875,0.17616606585441102
1532,0.0,0.0,-12.0,0.0,0.0,GLOBAL,28.837619899988237,2.9948231195249875,0.17616606585441102
1533,0.0,0.0,-12.0,0.0,0.0,GLOBAL,28.82753541445385,2.9948231195249875,0.17616606585441102
1534,0.0,0.0,-12.0,0.0,0.0,GLOBAL,28.867557544522192,2.9948231195249875,0.17616606585441102
1535,0.0,0.0,-12.0,0.0,0.0,GLOBAL,28.903396808495824,2.9948231195249875,0.17616606585441102
1536,0.0,0.0,-12.0,0.0,0.0,GLOBAL,28.87768463440338,2.9948231195249875,0.17616606585441102
1537,0.0,0.0,-12.0,0.0,0.0,GLOBAL,28.79845688498648,2.9948231195249875,0.17616606585441102
1538,0.0,0.0,-12.0,0.0,0.0,GLOBAL,28.86525286305097,2.9948231195249875,0.17616606585441102
1539,0.0,0.0,-12.0,0.0,0.0,GLOBAL,28.790914075382425,2.9948231195249875,0.17616606585441102
1540,0.0,0.0,-12.0,0.0,0.0,GLOBAL,28.83342679178369,2.9948231195249875,0.17616606585441102
1541,0.0,0.0,-12.0,0.0,0.0,GLOBAL,28.84884896513099,2.9948231195249875,0.17616606585441102
1542,0.0,0.0,-12.0,0.0,0.0,GLOBAL,28.790856790159538,2.9948231195249875,0.17616606585441102
1543,0.0,0.0,-12.0,0.0,0.0,GLOBAL,28.800412952480922,2.9948231195249875,0.17616606585441102
1544,0.0,0.0,-12.0,0.0,0.0,GLOBAL,28.80892402764498,2.9948231195249875,0.17616606585441102
1545,0.0,0.0,-12.0,0.0,0.0,GLOBAL,28.838072861376546,2.9948231195249875,0.17616606585441102
1546,0.0,0.0,-12.0,0.0,0.0,GLOBAL,28.839515829651564,2.9948231195249875,0.17616606585441102
1547,0.0,0.0,-12.0,0.0,0.0,GLOBAL,28.869062781567507,2.9948231195249875,0.17616606585441102
1548,0.0,0.0,-12.0,0.0,0.0,GLOBAL,28.861191685172553,2.9948231195249875,0.17616606585441102
1549,0.0,0.0,-12.0,0.0,0.0,GLOBAL,28.83304583954096,2.9948231195249875,0.17616606585441102
1550,0.0,0.0,-12.0,0.0,0.0,GLOBAL,28.878900551610442,2.9948231195249875,0.17616606585441102
1551,0.0,0.0,-12.0,0.0,0.0,GLOBAL,28.850727035337947,2.9948231195249875,0.17616606585441102
1552,0.0,0.0,-12.0,0.0,0.0,GLOBAL,28.910455403599503,2.9948231195249875,0.17616606585441102
1553,0.0,0.0,-12.0,0.0,0.0,GLOBAL,28.810154217937473,2.9948231195249875,0.17616606585441102
1554,0.0,0.0,-12.0,0.0,0.0,GLOBAL,28.871270190180404,2.9948231195249875,0.17616606585441102
1555,0.0,0.0,-12.0,0.0,0.0,GLOBAL,28.773736204848458,2.9948231195249875,0.17616606585441102
1556,0.0,0.0,-12.0,0.0,0.0,GLOBAL,28.798285000131255,2.9948231195249875,0.17616606585441102
1557,0.0,0.0,-12.0,0.0,0.0,GLOBAL,28.84429359745975,2.9948231195249875,0.17616606585441102
1558,0.0,0.0,-12.0,0.0,0.0,GLOBAL,28.828353256276483,2.9948231195249875,0.17616606585441102
1559,0.0,0.0,-12.0,0.0,0.0,GLOBAL,28.861046522844713,2.9948231195249875,0.17616606585441102
1560,0.0,0.0,-12.0,0.0,0.0,GLOBAL,28.76457321653428,2.9948231195249875,0.17616606585441102
1561,0.0,0.0,-12.0,0.0,0.0,GLOBAL,28.817354655275516,2.9948231195249875,0.17616606585441102
1562,0.0,0.0,-12.0,0.0,0.0,GLOBAL,28.863629256026236,2.9948231195249875,0.17616606585441102
1563,0.0,0.0,-12.0,0.0,0.0,GLOBAL,28.849236861100717,2.9948231195249875,0.17616606585441102
1564,0.0,0.0,-12.0,0.0,0.0,GLOBAL,28.796405867378287,2.9948231195249875,0.17616606585441102
1565,0.0,0.0,-12.0,0.0,0.0,GLOBAL,28.8854538363476,2.9948231195249875,0.17616606585441102
1566,0.0,0.0,-12.0,0.0,0.0,GLOBAL,28.795592358348614,2.9948231195249875,0.17616606585441102
1567,0.0,0.0,-12.0,0.0,0.0,GLOBAL,28.9194241113882,2.9948231195249875,0.17616606585441102
1568,0.0,0.0,-12.0,0.0,0.0,GLOBAL,28.905706021852485,2.9948231195249875,0.17616606585441102
1569,0.0,0.0,-12.0,0.0,0.0,GLOBAL,28.79137828495813,2.9948231195249875,0.17616606585441102
1570,0.0,0.0,-12.0,0.0,0.0,GLOBAL,28.9047202399454,2.9948231195249875,0.17616606585441102
1571,0.0,0.0,-12.0,0.0,0.0,GLOBAL,28.851285450151774,2.9948231195249875,0.17616606585441102
1572,0.0,0.0,-12.0,0.0,0.0,GLOBAL,28.801701051011317,2.9948231195249875,0.17616606585441102
1573,0.0,0.0,-12.0,0.0,0.0,GLOBAL,28.847693589120393,2.9948231195249875,0.17616606585441102
1574,0.0,0.0,-12.0,0.0,0.0,GLOBAL,28.880559051456792,2.9948231195249875,0.17616606585441102
1575,0.0,0.0,-12.0,0.0,0.0,GLOBAL,28.846056134927096,2.9948231195249875,0.17616606585441102
1576,0.0,0.0,-12.0,0.0,0.0,GLOBAL,28.94923617756013,2.9948231195249875,0.17616606585441102
1577,0.0,0.0,-12.0,0.0,0.0,GLOBAL,28.874987544589853,2.9948231195249875,0.17616606585441102
1578,0.0,0.0,-12.0,0.0,0.0,GLOBAL,28.913292486748695,2.9948231195249875,0.17616606585441102
1579,0.0,0.0,-12.0,0.0,0.0,GLOBAL,28.800341874245248,2.9948231195249875,0.17616606585441102
1580,0.0,0.0,-12.0,0.0,0.0,GLOBAL,28.865535768285806,2.9948231195249875,0.17616606585441102
1581,0.0,0.0,-12.0,0.0,0.0,GLOBAL,28.90565094376289,2.9948231195249875,0.17616606585441102
1582,0.0,0.0,-12.0,0.0,0.0,GLOBAL,28.764932202493686,2.9948231195249875,0.17616606585441102
1583,0.0,0.0,-12.0,0.0,0.0,GLOBAL,28.861394491113018,2.9948231195249875,0.17616606585441102
1584,0.0,0.0,-12.0,0.0,0.0,GLOBAL,28.82720735491828,2.9948231195249875,0.17616606585441102
1585,0.0,0.0,-12.0,0.0,0.0,GLOBAL,28.85202565444074,2.9948231195249875,0.17616606585441102
1586,0.0,0.0,-12.0,0.0,0.0,GLOBAL,28.86565702618365,2.9948231195249875,0.17616606585441102
1587,0.0,0.0,-12.0,0.0,0.0,GLOBAL,28.876649982474454,2.9948231195249875,0.17616606585441102
1588,0.0,0.0,-12.0,0.0,0.0,GLOBAL,28.867387334744468,2.9948231195249875,0.17616606585441102
1589,0.0,0.0,-12.0,0.0,0.0,GLOBAL,28.861033877873474,2.9948231195249875,0.17616606585441102
1590,0.0,0.0,-12.0,0.0,0.0,GLOBAL,28.86186846597515,2.9948231195249875,0.17616606585441102
1591,0.0,0.0,-12.0,0.0,0.0,GLOBAL,28.866616425983235,2.9948231195249875,0.17616606585441102
1592,0.0,0.0,-12.0,0.0,0.0,GLOBAL,28.874825490427313,2.9948231195249875,0.17616606585441102
1593,0.0,0.0,-12.0,0.0,0.0,GLOBAL,28.897738519647096,2.9948231195249875,0.17616606585441102
1594,0.0,0.0,-12.0,0.0,0.0,GLOBAL,28.89786153620918,2.9948231195249875,0.17616606585441102
1595,0.0,0.0,-12.0,0.0,0.0,GLOBAL,28.87932107666063,2.9948231195249875,0.17616606585441102
1596,0.0,0.0,-12.0,0.0,0.0,GLOBAL,28.835421088452808,2.9948231195249875,0.17616606585441102
1597,0.0,0.0,-12.0,0.0,0.0,GLOBAL,28.953178236484444,2.9948231195249875,0.17616606585441102
1598,0.0,0.0,-12.0,0.0,0.0,GLOBAL,28.907409397985415,2.9948231195249875,0.17616606585441102
1599,0.0,0.0,-12.0,0.0,0.0,GLOBAL,28.90915963998184,2.9948231195249875,0.17616606585441102
1600,0.0,0.0,-12.0,0.0,0.0,GLOBAL,28.854471891054473,2.9948231195249875,0.17616606585441102
1601,0.0,0.0,-12.0,0.0,0.0,GLOBAL,28.89421104470688,2.9948231195249875,0.17616606585441102
1602,0.0,0.0,-12.0,0.0,0.0,GLOBAL,28.850219224152497,2.9948231195249875,0.17616606585441102
1603,0.0,0.0,-12.0,0.0,0.0,GLOBAL,28.87196393877596,2.9948231195249875,0.17616606585441102
1604,0.0,0.0,-12.0,0.0,0.0,GLOBAL,28.807524423085376,2.9948231195249875,0.17616606585441102
1605,0.0,0.0,-12.0,0.0,0.0,GLOBAL,28.765961440429088,2.9948231195249875,0.17616606585441102
1606,0.0,0.0,-12.0,0.0,0.0,GLOBAL,28.862911572788065,2.9948231195249875,0.17616606585441102
1607,0.0,0.0,-12.0,0.0,0.0,GLOBAL,28.81063838221065,2.9948231195249875,0.17616606585441102
1608,0.0,0.0,-12.0,0.0,0.0,GLOBAL,28.900078410215478,2.9948231195249875,0.17616606585441102
1609,0.0,0.0,-12.0,0.0,0.0,GLOBAL,28.839510955533555,2.9948231195249875,0.17616606585441102
1610,0.0,0.0,-12.0,0.0,0.0,GLOBAL,28.808893639467914,2.9948231195249875,0.17616606585441102
1611,0.0,0.0,-12.0,0.0,0.0,GLOBAL,28.92370631916378,2.9948231195249875,0.17616606585441102
1612,0.0,0.0,-12.0,0.0,0.0,GLOBAL,28.906746128041895,2.9948231195249875,0.17616606585441102
1613,0.0,0.0,-12.0,0.0,0.0,GLOBAL,28.916083487705386,2.9948231195249875,0.17616606585441102
1614,0.0,0.0,-12.0,0.0,0.0,GLOBAL,28.89740305070119,2.9948231195249875,0.17616606585441102
1615,0.0,0.0,-12.0,0.0,0.0,GLOBAL,28.78771189324103,2.9948231195249875,0.17616606585441102
1616,0.0,0.0,-12.0,0.0,0.0,GLOBAL,28.92707317852981,2.9948231195249875,0.17616606585441102
1617,0.0,0.0,-12.0,0.0,0.0,GLOBAL,28.899001425285757,2.9948231195249875,0.17616606585441102
1618,0.0,0.0,-12.0,0.0,0.0,GLOBAL,28.838485722048524,2.9948231195249875,0.17616606585441102
1619,0.0,0.0,-12.0,0.0,0.0,GLOBAL,28.81526488901044,2.9948231195249875,0.17616606585441102
1620,0.0,0.0,-12.0,0.0,0.0,GLOBAL,28.75669201635267,2.9948231195249875,0.17616606585441102
1621,0.0,0.0,-12.0,0.0,0.0,GLOBAL,28.89111524151268,2.9948231195249875,0.17616606585441102
1622,0.0,0.0,-12.0,0.0,0.0,GLOBAL,28.857652082004858,2.9948231195249875,0.17616606585441102
1623,0.0,0.0,-12.0,0.0,0.0,GLOBAL,28.88480220388444,2.9948231195249875,0.17616606585441102
1624,0.0,0.0,-12.0,0.0,0.0,GLOBAL,28.881554950829333,2.9948231195249875,0.17616606585441102
1625,0.0,0.0,-12.0,0.0,0.0,GLOBAL,28.87805640900054,2.9948231195249875,0.17616606585441102
1626,0.0,0.0,-12.0,0.0,0.0,GLOBAL,28.831867321527625,2.9948231195249875,0.17616606585441102
1627,0.0,0.0,-12.0,0.0,0.0,GLOBAL,28.82630356896774,2.9948231195249875,0.17616606585441102
1628,0.0,0.0,-12.0,0.0,0.0,GLOBAL,28.91130717576036,2.9948231195249875,0.17616606585441102
1629,0.0,0.0,-12.0,0.0,0.0,GLOBAL,28.771773241926862,2.9948231195249875,0.17616606585441102
1630,0.0,0.0,-12.0,0.0,0.0,GLOBAL,28.87640154476723,2.9948231195249875,0.17616606585441102
1631,0.0,0.0,-12.0,0.0,0.0,GLOBAL,28.764510319512155,2.9948231195249875,0.17616606585441102
1632,0.0,0.0,-12.0,0.0,0.0,GLOBAL,28.850734915684576,2.9948231195249875,0.17616606585441102
1633,0.0,0.0,-12.0,0.0,0.0,GLOBAL,28.86299048210607,2.9948231195249875,0.17616606585441102
1634,0.0,0.0,-12.0,0.0,0.0,GLOBAL,28.790667461903215,2.9948231195249875,0.17616606585441102
1635,0.0,0.0,-12.0,0.0,0.0,GLOBAL,28.823010451151465,2.9948231195249875,0.17616606585441102
1636,0.0,0.0,-12.0,0.0,0.0,GLOBAL,28.815103884125396,2.9948231195249875,0.17616606585441102
1637,0.0,0.0,-12.0,0.0,0.0,GLOBAL,28.87019086246129,2.9948231195249875,0.17616606585441102
1638,0.0,0.0,-12.0,0.0,0.0,GLOBAL,28.8831821660706,2.9948231195249875,0.17616606585441102
1639,0.0,0.0,-12.0,0.0,0.0,GLOBAL,28.861736624222914,2.9948231195249875,0.17616606585441102
1640,0.0,0.0,-12.0,0.0,0.0,GLOBAL,28.889848683546248,2.9948231195249875,0.17616606585441102
1641,0.0,0.0,-12.0,0.0,0.0,GLOBAL,28.875718215594162,2.9948231195249875,0.17616606585441102
1642,0.0,0.0,-12.0,0.0,0.0,GLOBAL,28.904523217367803,2.9948231195249875,0.17616606585441102
1643,0.0,0.0,-12.0,0.0,0.0,GLOBAL,28.830211553403053,2.9948231195249875,0.17616606585441102
1644,0.0,0.0,-12.0,0.0,0.0,GLOBAL,28.834194928605886,2.9948231195249875,0.17616606585441102
1645,0.0,0.0,-12.0,0.0,0.0,GLOBAL,28.796026125927224,2.9948231195249875,0.17616606585441102
1646,0.0,0.0,-12.0,0.0,0.0,GLOBAL,28.854897997432566,2.9948231195249875,0.17616606585441102
1647,0.0,0.0,-12.0,0.0,0.0,GLOBAL,28.89772044416728,2.9948231195249875,0.17616606585441102
1648,0.0,0.0,-12.0,0.0,0.0,GLOBAL,28.87022353998396,2.9948231195249875,0.17616606585441102
1649,0.0,0.0,-12.0,0.0,0.0,GLOBAL,28.894413467135454,2.9948231195249875,0.17616606585441102
1650,0.0,0.0,-12.0,0.0,0.0,GLOBAL,28.77976457805543,2.9948231195249875,0.17616606585441102
1651,0.0,0.0,-12.0,0.0,0.0,GLOBAL,28.82803956356103,2.9948231195249875,0.17616606585441102
1652,0.0,0.0,-12.0,0.0,0.0,GLOBAL,28.885322521838095,2.9948231195249875,0.17616606585441102
1653,0.0,0.0,-12.0,0.0,0.0,GLOBAL,28.83560316397643,2.9948231195249875,0.17616606585441102
1654,0.0,0.0,-12.0,0.0,0.0,GLOBAL,28.859797407467333,2.9948231195249875,0.17616606585441102
1655,0.0,0.0,-12.0,0.0,0.0,GLOBAL,28.87249317374171,2.9948231195249875,0.17616606585441102
1656,0.0,0.0,-12.0,0.0,0.0,GLOBAL,28.80610725632217,2.9948231195249875,0.17616606585441102
1657,0.0,0.0,-12.0,0.0,0.0,GLOBAL,28.785816014526095,2.9948231195249875,0.17616606585441102
1658,0.0,0.0,-12.0,0.0,0.0,GLOBAL,28.755083327355706,2.9948231195249875,0.17616606585441102
1659,0.0,0.0,-12.0,0.0,0.0,GLOBAL,28.873865694557196,2.9948231195249875,0.17616606585441102
1660,0.0,0.0,-12.0,0.0,0.0,GLOBAL,28.87319286086427,2.9948231195249875,0.17616606585441102
1661,0.0,0.0,-12.0,0.0,0.0,GLOBAL,28.835136127688678,2.9948231195249875,0.17616606585441102
1662,0.0,0.0,-12.0,0.0,0.0,GLOBAL,28.853744241771086,2.9948231195249875,0.17616606585441102
1663,0.0,0.0,-12.0,0.0,0.0,GLOBAL,28.758637704345677,2.9948231195249875,0.17616606585441102
1664,0.0,0.0,-12.0,0.0,0.0,GLOBAL,28.813272850083266,2.9948231195249875,0.17616606585441102
1665,0.0,0.0,-12.0,0.0,0.0,GLOBAL,28.911847872860793,2.9948231195249875,0.17616606585441102
1666,0.0,0.0,-12.0,0.0,0.0,GLOBAL,28.858410867826986,2.9948231195249875,0.17616606585441102
1667,0.0,0.0,-12.0,0.0,0.0,GLOBAL,28.846978990085166,2.9948231195249875,0.17616606585441102
1668,0.0,0.0,-12.0,0.0,0.0,GLOBAL,28.77755278946353,2.9948231195249875,0.17616606585441102
1669,0.0,0.0,-12.0,0.0,0.0,GLOBAL,28.895105713981337,2.9948231195249875,0.17616606585441102
1670,0.0,0.0,-12.0,0.0,0.0,GLOBAL,28.807951865258413,2.9948231195249875,0.17616606585441102
1671,0.0,0.0,-12.0,0.0,0.0,GLOBAL,28.843401209396102,2.9948231195249875,0.17616606585441102
1672,0.0,0.0,-12.0,0.0,0.0,GLOBAL,28.900317550927667,2.9948231195249875,0.17616606585441102
1673,0.0,0.0,-12.0,0.0,0.0,GLOBAL,28.91690758032087,2.9948231195249875,0.17616606585441102
1674,0.0,0.0,-12.0,0.0,0.0,GLOBAL,28.921779495053407,2.9948231195249875,0.17616606585441102
1675,0.0,0.0,-12.0,0.0,0.0,GLOBAL,28.895182495614463,2.9948231195249875,0.17616606585441102
1676,0.0,0.0,-12.0,0.0,0.0,GLOBAL,28.89246689822744,2.9948231195249875,0.17616606585441102
1677,0.0,0.0,-12.0,0.0,0.0,GLOBAL,28.80902571317979,2.9948231195249875,0.17616606585441102
1678,0.0,0.0,-12.0,0.0,0.0,GLOBAL,28.899133356222702,2.9948231195249875,0.17616606585441102
1679,0.0,0.0,-12.0,0.0,0.0,GLOBAL,28.848360493009796,2.9948231195249875,0.17616606585441102
1680,0.0,0.0,-12.0,0.0,0.0,GLOBAL,28.895124289459186,2.9948231195249875,0.17616606585441102
1681,0.0,0.0,-12.0,0.0,0.0,GLOBAL,28.78729063554474,2.9948231195249875,0.17616606585441102
1682,0.0,0.0,-12.0,0.0,0.0,GLOBAL,28.870964298588547,2.9948231195249875,0.17616606585441102
1683,0.0,0.0,-12.0,0.0,0.0,GLOBAL,28.87035978844814,2.9948231195249875,0.17616606585441102
1684,0.0,0.0,-12.0,0.0,0.0,GLOBAL,28.82753775447105,2.9948231195249875,0.17616606585441102
1685,0.0,0.0,-12.0,0.0,0.0,GLOBAL,28.846100907583825,2.9948231195249875,0.17616606585441102
1686,0.0,0.0,-12.0,0.0,0.0,GLOBAL,28.901890755017973,2.9948231195249875,0.17616606585441102
1687,0.0,0.0,-12.0,0.0,0.0,GLOBAL,28.84841597018387,2.9948231195249875,0.17616606585441102
1688,0.0,0.0,-12.0,0.0,0.0,GLOBAL,28.968359955988802,2.9948231195249875,0.17616606585441102
1689,0.0,0.0,-12.0,0.0,0.0,GLOBAL,28.80762584791701,2.9948231195249875,0.17616606585441102
1690,0.0,0.0,-12.0,0.0,0.0,GLOBAL,28.87520268965217,2.9948231195249875,0.17616606585441102
1691,0.0,0.0,-12.0,0.0,0.0,GLOBAL,28.882517477155677,2.9948231195249875,0.17616606585441102
1692,0.0,0.0,-12.0,0.0,0.0,GLOBAL,28.83124248704559,2.9948231195249875,0.17616606585441102
1693,0.0,0.0,-12.0,0.0,0.0,GLOBAL,28.826334309582553,2.9948231195249875,0.17616606585441102
1694,0.0,0.0,-12.0,0.0,0.0,GLOBAL,28.84953115978549,2.9948231195249875,0.17616606585441102
1695,0.0,0.0,-12.0,0.0,0.0,GLOBAL,28.95195782422373,2.9948231195249875,0.17616606585441102
1696,0.0,0.0,-12.0,0.0,0.0,GLOBAL,28.88483226975875,2.9948231195249875,0.17616606585441102
1697,0.0,0.0,-12.0,0.0,0.0,GLOBAL,28.865234548277368,2.9948231195249875,0.17616606585441102
1698,0.0,0.0,-12.0,0.0,0.0,GLOBAL,28.930410385396367,2.9948231195249875,0.17616606585441102
1699,0.0,0.0,-12.0,0.0,0.0,GLOBAL,28.888337867821374,2.9948231195249875,0.17616606585441102
1700,0.0,0.0,-12.0,0.0,0.0,GLOBAL,28.76656642924535,2.9948231195249875,0.17616606585441102
1701,0.0,0.0,-12.0,0.0,0.0,GLOBAL,28.77568546136842,2.9948231195249875,0.17616606585441102
1702,0.0,0.0,-12.0,0.0,0.0,GLOBAL,28.800805414034713,2.9948231195249875,0.17616606585441102
1703,0.0,0.0,-12.0,0.0,0.0,GLOBAL,28.923012806340267,2.9948231195249875,0.17616606585441102
1704,0.0,0.0,-12.0,0.0,0.0,GLOBAL,28.7794836725651,2.9948231195249875,0.17616606585441102
1705,0.0,0.0,-12.0,0.0,0.0,GLOBAL,28.86612585094801,2.9948231195249875,0.17616606585441102
1706,0.0,0.0,-12.0,0.0,0.0,GLOBAL,28.835863146290293,2.9948231195249875,0.17616606585441102
1707,0.0,0.0,-12.0,0.0,0.0,GLOBAL,28.860924043002708,2.9948231195249875,0.17616606585441102
1708,0.0,0.0,-12.0,0.0,0.0,GLOBAL,28.861920270248937,2.9948231195249875,0.17616606585441102
1709,0.0,0.0,-12.0,0.0,0.0,GLOBAL,28.883827181398846,2.9948231195249875,0.17616606585441102
1710,0.0,0.0,-12.0,0.0,0.0,GLOBAL,28.873002248154787,2.9948231195249875,0.17616606585441102
1711,0.0,0.0,-12.0,0.0,0.0,GLOBAL,28.853767455427374,2.9948231195249875,0.17616606585441102
1712,0.0,0.0,-12.0,0.0,0.0,GLOBAL,28.774522223668463,2.9948231195249875,0.17616606585441102
1713,0.0,0.0,-12.0,0.0,0.0,GLOBAL,28.774246613900154,2.9948231195249875,0.17616606585441102
1714,0.0,0.0,-12.0,0.0,0.0,GLOBAL,28.819359292468867,2.9948231195249875,0.17616606585441102
1715,0.0,0.0,-12.0,0.0,0.0,GLOBAL,28.923893976649655,2.9948231195249875,0.17616606585441102
1716,0.0,0.0,-12.0,0.0,0.0,GLOBAL,28.764987792705675,2.9948231195249875,0.17616606585441102
1717,0.0,0.0,-12.0,0.0,0.0,GLOBAL,28.854033566981133,2.9948231195249875,0.17616606585441102
1718,0.0,0.0,-12.0,0.0,0.0,GLOBAL,28.9774992342184,2.9948231195249875,0.17616606585441102
1719,0.0,0.0,-12.0,0.0,0.0,GLOBAL,28.851857238713173,2.9948231195249875,0.17616606585441102
1720,0.0,0.0,-12.0,0.0,0.0,GLOBAL,28.778587886706774,2.9948231195249875,0.17616606585441102
1721,0.0,0.0,-12.0,0.0,0.0,GLOBAL,28.872379349033615,2.9948231195249875,0.17616606585441102
1722,0.0,0.0,-12.0,0.0,0.0,GLOBAL,28.84071607681356,2.9948231195249875,0.17616606585441102
1723,0.0,0.0,-12.0,0.0,0.0,GLOBAL,28.809784453856846,2.9948231195249875,0.17616606585441102
1724,0.0,0.0,-12.0,0.0,0.0,GLOBAL,28.830858523495856,2.9948231195249875,0.17616606585441102
1725,0.0,0.0,-12.0,0.0,0.0,GLOBAL,28.853393801077736,2.9948231195249875,0.17616606585441102
1726,0.0,0.0,-12.0,0.0,0.0,GLOBAL,28.7736470967436,2.9948231195249875,0.17616606585441102
1727,0.0,0.0,-12.0,0.0,0.0,GLOBAL,28.967288462865945,2.9948231195249875,0.17616606585441102
1728,0.0,0.0,-12.0,0.0,0.0,GLOBAL,28.877066276394835,2.9948231195249875,0.17616606585441102
1729,0.0,0.0,-12.0,0.0,0.0,GLOBAL,28.85613755632511,2.9948231195249875,0.17616606585441102
1730,0.0,0.0,-12.0,0.0,0.0,GLOBAL,28.83166047516845,2.9948231195249875,0.17616606585441102
1731,0.0,0.0,-12.0,0.0,0.0,GLOBAL,28.91745293715532,2.9948231195249875,0.17616606585441102
1732,0.0,0.0,-12.0,0.0,0.0,GLOBAL,28.855312711945437,2.9948231195249875,0.17616606585441102
1733,0.0,0.0,-12.0,0.0,0.0,GLOBAL,28.89794809594886,2.9948231195249875,0.17616606585441102
1734,0.0,0.0,-12.0,0.0,0.0,GLOBAL,28.866750351290055,2.9948231195249875,0.17616606585441102
1735,0.0,0.0,-12.0,0.0,0.0,GLOBAL,28.918559682562478,2.9948231195249875,0.17616606585441102
1736,0.0,0.0,-12.0,0.0,0.0,GLOBAL,28.94496957954497,2.9948231195249875,0.17616606585441102
1737,0.0,0.0,-12.0,0.0,0.0,GLOBAL,28.870093062604763,2.9948231195249875,0.17616606585441102
1738,0.0,0.0,-12.0,0.0,0.0,GLOBAL,28.92854627045659,2.9948231195249875,0.17616606585441102
1739,0.0,0.0,-12.0,0.0,0.0,GLOBAL,28.86319640976866,2.9948231195249875,0.17616606585441102
1740,0.0,0.0,-12.0,0.0,0.0,GLOBAL,28.92109893724926,2.9948231195249875,0.17616606585441102
1741,0.0,0.0,-12.0,0.0,0.0,GLOBAL,28.785844636410502,2.9948231195249875,0.17616606585441102
1742,0.0,0.0,-12.0,0.0,0.0,GLOBAL,28.802631455252982,2.9948231195249875,0.17616606585441102
1743,0.0,0.0,-12.0,0.0,0.0,GLOBAL,28.7998463618499,2.9948231195249875,0.17616606585441102
1744,0.0,0.0,-12.0,0.0,0.0,GLOBAL,28.806425475515766,2.9948231195249875,0.17616606585441102
1745,0.0,0.0,-12.0,0.0,0.0,GLOBAL,28.843519122034017,2.9948231195249875,0.17616606585441102
1746,0.0,0.0,-12.0,0.0,0.0,GLOBAL,28.893934893883905,2.9948231195249875,0.17616606585441102
1747,0.0,0.0,-12.0,0.0,0.0,GLOBAL,28.81949947065223,2.9948231195249875,0.17616606585441102
1748,0.0,0.0,-12.0,0.0,0.0,GLOBAL,28.827884820726048,2.9948231195249875,0.17616606585441102
1749,0.0,0.0,-12.0,0.0,0.0,GLOBAL,28.90912138882154,2.9948231195249875,0.17616606585441102
1750,0.0,0.0,-12.0,0.0,0.0,GLOBAL,28.834307555190676,2.9948231195249875,0.17616606585441102
1751,0.0,0.0,-12.0,0.0,0.0,GLOBAL,28.799343403777875,2.9948231195249875,0.17616606585441102
1752,0.0,0.0,-12.0,0.0,0.0,GLOBAL,28.81541353244386,2.9948231195249875,0.17616606585441102
1753,0.0,0.0,-12.0,0.0,0.0,GLOBAL,28.93318159614228,2.9948231195249875,0.17616606585441102
1754,0.0,0.0,-12.0,0.0,0.0,GLOBAL,28.796761579793845,2.9948231195249875,0.17616606585441102
1755,0.0,0.0,-12.0,0.0,0.0,GLOBAL,28.89412840668643,2.9948231195249875,0.17616606585441102
1756,0.0,0.0,-12.0,0.0,0.0,GLOBAL,28.88353485992251,2.9948231195249875,0.17616606585441102
1757,0.0,0.0,-12.0,0.0,0.0,GLOBAL,28.879910133674617,2.9948231195249875,0.17616606585441102
1758,0.0,0.0,-12.0,0.0,0.0,GLOBAL,28.79063420959616,2.9948231195249875,0.17616606585441102
1759,0.0,0.0,-12.0,0.0,0.0,GLOBAL,28.861342696284314,2.9948231195249875,0.17616606585441102
1760,0.0,0.0,-12.0,0.0,0.0,GLOBAL,28.908813533526146,2.9948231195249875,0.17616606585441102
1761,0.0,0.0,-12.0,0.0,0.0,GLOBAL,28.82331878235431,2.9948231195249875,0.17616606585441102
1762,0.0,0.0,-12.0,0.0,0.0,GLOBAL,28.81486752117345,2.9948231195249875,0.17616606585441102
1763,0.0,0.0,-12.0,0.0,0.0,GLOBAL,28.83019665021384,2.9948231195249875,0.17616606585441102
1764,0.0,0.0,-12.0,0.0,0.0,GLOBAL,28.803075428697607,2.9948231195249875,0.17616606585441102
1765,0.0,0.0,-12.0,0.0,0.0,GLOBAL,28.85298284569902,2.9948231195249875,0.17616606585441102
1766,0.0,0.0,-12.0,0.0,0.0,GLOBAL,28.908763911473663,2.9948231195249875,0.17616606585441102
1767,0.0,0.0,-12.0,0.0,0.0,GLOBAL,28.796060962437306,2.9948231195249875,0.17616606585441102
1768,0.0,0.0,-12.0,0.0,0.0,GLOBAL,28.971477017123107,2.9948231195249875,0.17616606585441102
1769,0.0,0.0,-12.0,0.0,0.0,GLOBAL,28.84810222409253,2.9948231195249875,0.17616606585441102
1770,0.0,0.0,-12.0,0.0,0.0,GLOBAL,28.81899198392917,2.9948231195249875,0.17616606585441102
1771,0.0,0.0,-12.0,0.0,0.0,GLOBAL,28.78062669608757,2.9948231195249875,0.17616606585441102
1772,0.0,0.0,-12.0,0.0,0.0,GLOBAL,28.84891952475868,2.9948231195249875,0.17616606585441102
1773,0.0,0.0,-12.0,0.0,0.0,GLOBAL,28.87155981731306,2.9948231195249875,0.17616606585441102
1774,0.0,0.0,-12.0,0.0,0.0,GLOBAL,28.861965816992488,2.9948231195249875,0.17616606585441102
1775,0.0,0.0,-12.0,0.0,0.0,GLOBAL,28.89184724515127,2.9948231195249875,0.17616606585441102
1776,0.0,0.0,-12.0,0.0,0.0,GLOBAL,28.83229155902584,2.9948231195249875,0.17616606585441102
1777,0.0,0.0,-12.0,0.0,0.0,GLOBAL,28.803292895744647,2.9948231195249875,0.17616606585441102
1778,0.0,0.0,-12.0,0.0,0.0,GLOBAL,28.860399419644345,2.9948231195249875,0.17616606585441102
1779,0.0,0.0,-12.0,0.0,0.0,GLOBAL,28.95842397269485,2.9948231195249875,0.17616606585441102
1780,0.0,0.0,-12.0,0.0,0.0,GLOBAL,28.904927847135017,2.9948231195249875,0.17616606585441102
1781,0.0,0.0,-12.0,0.0,0.0,GLOBAL,28.866787445682547,2.9948231195249875,0.17616606585441102
1782,0.0,0.0,-12.0,0.0,0.0,GLOBAL,28.807979640527755,2.9948231195249875,0.17616606585441102
1783,0.0,0.0,-12.0,0.0,0.0,GLOBAL,28.797970483646868,2.9948231195249875,0.17616606585441102
1784,0.0,0.0,-12.0,0.0,0.0,GLOBAL,28.901755008015662,2.9948231195249875,0.17616606585441102
1785,0.0,0.0,-12.0,0.0,0.0,GLOBAL,28.767314111771753,2.9948231195249875,0.17616606585441102
1786,0.0,0.0,-12.0,0.0,0.0,GLOBAL,28.849501843076933,2.9948231195249875,0.17616606585441102
1787,0.0,0.0,-12.0,0.0,0.0,GLOBAL,28.856133248056587,2.9948231195249875,0.17616606585441102
1788,0.0,0.0,-12.0,0.0,0.0,GLOBAL,28.772215514582605,2.9948231195249875,0.17616606585441102
1789,0.0,0.0,-12.0,0.0,0.0,GLOBAL,28.841301074326072,2.9948231195249875,0.17616606585441102
1790,0.0,0.0,-12.0,0.0,0.0,GLOBAL,28.898803503723173,2.9948231195249875,0.17616606585441102
1791,0.0,0.0,-12.0,0.0,0.0,GLOBAL,28.92935322237339,2.9948231195249875,0.17616606585441102
1792,0.0,0.0,-12.0,0.0,0.0,GLOBAL,28.87517567022357,2.9948231195249875,0.17616606585441102
1793,0.0,0.0,-12.0,0.0,0.0,GLOBAL,28.87998875630655,2.9948231195249875,0.17616606585441102
1794,0.0,0.0,-12.0,0.0,0.0,GLOBAL,28.84569945465445,2.9948231195249875,0.17616606585441102
1795,0.0,0.0,-12.0,0.0,0.0,GLOBAL,28.948415325512073,2.9948231195249875,0.17616606585441102
1796,0.0,0.0,-12.0,0.0,0.0,GLOBAL,28.800499028599088,2.9948231195249875,0.17616606585441102
1797,0.0,0.0,-12.0,0.0,0.0,GLOBAL,28.865720610769106,2.9948231195249875,0.17616606585441102
1798,0.0,0.0,-12.0,0.0,0.0,GLOBAL,28.879242235531752,2.9948231195249875,0.17616606585441102
1799,0.0,0.0,-12.0,0.0,0.0,GLOBAL,28.91291365520332,2.9948231195249875,0.17616606585441102
1800,0.0,0.0,-12.0,0.0,0.0,GLOBAL,28.930745725149023,2.9948231195249875,0.17616606585441102
1801,0.0,0.0,-12.0,0.0,0.0,GLOBAL,28.8212514457349,2.9948231195249875,0.17616606585441102
1802,0.0,0.0,-12.0,0.0,0.0,GLOBAL,28.838171075795128,2.9948231195249875,0.17616606585441102
1803,0.0,0.0,-12.0,0.0,0.0,GLOBAL,28.879102609809106,2.9948231195249875,0.17616606585441102
1804,0.0,0.0,-12.0,0.0,0.0,GLOBAL,28.833558305614815,2.9948231195249875,0.17616606585441102
1805,0.0,0.0,-12.0,0.0,0.0,GLOBAL,28.800770735415625,2.9948231195249875,0.17616606585441102
1806,0.0,0.0,-12.0,0.0,0.0,GLOBAL,28.790757516724877,2.9948231195249875,0.17616606585441102
1807,0.0,0.0,-12.0,0.0,0.0,GLOBAL,28.847950619265205,2.9948231195249875,0.17616606585441102
1808,0.0,0.0,-12.0,0.0,0.0,GLOBAL,28.85065415750399,2.9948231195249875,0.17616606585441102
1809,0.0,0.0,-12.0,0.0,0.0,GLOBAL,28.80565228004926,2.9948231195249875,0.17616606585441102
1810,0.0,0.0,-12.0,0.0,0.0,GLOBAL,28.851923323946565,2.9948231195249875,0.17616606585441102
1811,0.0,0.0,-12.0,0.0,0.0,GLOBAL,28.87082208984956,2.9948231195249875,0.17616606585441102
1812,0.0,0.0,-12.0,0.0,0.0,GLOBAL,28.850662258778605,2.9948231195249875,0.17616606585441102
1813,0.0,0.0,-12.0,0.0,0.0,GLOBAL,28.864261196998658,2.9948231195249875,0.17616606585441102
1814,0.0,0.0,-12.0,0.0,0.0,GLOBAL,28.87015450327954,2.9948231195249875,0.17616606585441102
1815,0.0,0.0,-12.0,0.0,0.0,GLOBAL,28.836521533802692,2.9948231195249875,0.17616606585441102
1816,0.0,0.0,-12.0,0.0,0.0,GLOBAL,28.828817353646173,2.9948231195249875,0.17616606585441102
1817,0.0,0.0,-12.0,0.0,0.0,GLOBAL,28.85544784648971,2.9948231195249875,0.17616606585441102
1818,0.0,0.0,-12.0,0.0,0.0,GLOBAL,28.9010367304193,2.9948231195249875,0.17616606585441102
1819,0.0,0.0,-12.0,0.0,0.0,GLOBAL,28.867125193840955,2.9948231195249875,0.17616606585441102
1820,0.0,0.0,-12.0,0.0,0.0,GLOBAL,28.831200106810392,2.9948231195249875,0.17616606585441102
1821,0.0,0.0,-12.0,0.0,0.0,GLOBAL,28.89147128709724,2.9948231195249875,0.17616606585441102
1822,0.0,0.0,-12.0,0.0,0.0,GLOBAL,28.824996434993434,2.9948231195249875,0.17616606585441102
1823,0.0,0.0,-12.0,0.0,0.0,GLOBAL,28.89546182026745,2.9948231195249875,0.17616606585441102
1824,0.0,0.0,-12.0,0.0,0.0,GLOBAL,28.831822584181058,2.9948231195249875,0.17616606585441102
1825,0.0,0.0,-12.0,0.0,0.0,GLOBAL,28.86021825024548,2.9948231195249875,0.17616606585441102
1826,0.0,0.0,-12.0,0.0,0.0,GLOBAL,28.864240873949434,2.9948231195249875,0.17616606585441102
1827,0.0,0.0,-12.0,0.0,0.0,GLOBAL,28.88107302277329,2.9948231195249875,0.17616606585441102
1828,0.0,0.0,-12.0,0.0,0.0,GLOBAL,28.831888333605676,2.9948231195249875,0.17616606585441102
1829,0.0,0.0,-12.0,0.0,0.0,GLOBAL,28.87582062822651,2.9948231195249875,0.17616606585441102
1830,0.0,0.0,-12.0,0.0,0.0,GLOBAL,28.86275137109498,2.9948231195249875,0.17616606585441102
1831,0.0,0.0,-12.0,0.0,0.0,GLOBAL,28.92474668495105,2.9948231195249875,0.17616606585441102
1832,0.0,0.0,-12.0,0.0,0.0,GLOBAL,28.881966956393384,2.9948231195249875,0.17616606585441102
1833,0.0,0.0,-12.0,0.0,0.0,GLOBAL,28.817990738088792,2.9948231195249875,0.17616606585441102
1834,0.0,0.0,-12.0,0.0,0.0,GLOBAL,28.738653726291503,2.9948231195249875,0.17616606585441102
1835,0.0,0.0,-12.0,0.0,0.0,GLOBAL,28.869946660257803,2.9948231195249875,0.17616606585441102
1836,0.0,0.0,-12.0,0.0,0.0,GLOBAL,28.845631262332216,2.9948231195249875,0.17616606585441102
1837,0.0,0.0,-12.0,0.0,0.0,GLOBAL,28.822415010751236,2.9948231195249875,0.17616606585441102
1838,0.0,0.0,-12.0,0.0,0.0,GLOBAL,28.817878953831706,2.9948231195249875,0.17616606585441102
1839,0.0,0.0,-12.0,0.0,0.0,GLOBAL,28.88136145689728,2.9948231195249875,0.17616606585441102
1840,0.0,0.0,-12.0,0.0,0.0,GLOBAL,28.817951881153302,2.9948231195249875,0.17616606585441102
1841,0.0,0.0,-12.0,0.0,0.0,GLOBAL,28.844200008917653,2.9948231195249875,0.17616606585441102
1842,0.0,0.0,-12.0,0.0,0.0,GLOBAL,28.858806739015193,2.9948231195249875,0.17616606585441102
1843,0.0,0.0,-12.0,0.0,0.0,GLOBAL,28.931275289099357,2.9948231195249875,0.17616606585441102
1844,0.0,0.0,-12.0,0.0,0.0,GLOBAL,28.876143940891637,2.9948231195249875,0.17616606585441102
1845,0.0,0.0,-12.0,0.0,0.0,GLOBAL,28.886902807917004,2.9948231195249875,0.17616606585441102
1846,0.0,0.0,-12.0,0.0,0.0,GLOBAL,28.83239468556283,2.9948231195249875,0.17616606585441102
1847,0.0,0.0,-12.0,0.0,0.0,GLOBAL,28.76583288848021,2.9948231195249875,0.17616606585441102
1848,0.0,0.0,-12.0,0.0,0.0,GLOBAL,28.882524440145772,2.9948231195249875,0.17616606585441102
1849,0.0,0.0,-12.0,0.0,0.0,GLOBAL,28.86624826477835,2.9948231195249875,0.17616606585441102
1850,0.0,0.0,-12.0,0.0,0.0,GLOBAL,28.89754786187625,2.9948231195249875,0.17616606585441102
1851,0.0,0.0,-12.0,0.0,0.0,GLOBAL,28.848054039256436,2.9948231195249875,0.17616606585441102
1852,0.0,0.0,-12.0,0.0,0.0,GLOBAL,28.883007448046875,2.9948231195249875,0.17616606585441102
1853,0.0,0.0,-12.0,0.0,0.0,GLOBAL,28.943607959077976,2.9948231195249875,0.17616606585441102
1854,0.0,0.0,-12.0,0.0,0.0,GLOBAL,28.849834201144603,2.9948231195249875,0.17616606585441102
1855,0.0,0.0,-12.0,0.0,0.0,GLOBAL,28.815797746891324,2.9948231195249875,0.17616606585441102
1856,0.0,0.0,-12.0,0.0,0.0,GLOBAL,28.77014450563949,2.9948231195249875,0.17616606585441102
1857,0.0,0.0,-12.0,0.0,0.0,GLOBAL,28.832328984874998,2.9948231195249875,0.17616606585441102
1858,0.0,0.0,-12.0,0.0,0.0,GLOBAL,28.89979252383065,2.9948231195249875,0.17616606585441102
1859,0.0,0.0,-12.0,0.0,0.0,GLOBAL,28.7094578477443,2.9948231195249875,0.17616606585441102
1860,0.0,0.0,-12.0,0.0,0.0,GLOBAL,28.87935065092142,2.9948231195249875,0.17616606585441102
1861,0.0,0.0,-12.0,0.0,0.0,GLOBAL,28.809848816359185,2.9948231195249875,0.17616606585441102
1862,0.0,0.0,-12.0,0.0,0.0,GLOBAL,28.841407561531366,2.9948231195249875,0.17616606585441102
1863,0.0,0.0,-12.0,0.0,0.0,GLOBAL,28.752141936121067,2.9948231195249875,0.17616606585441102
1864,0.0,0.0,-12.0,0.0,0.0,GLOBAL,28.9257152305301,2.9948231195249875,0.17616606585441102
1865,0.0,0.0,-12.0,0.0,0.0,GLOBAL,28.844377173008755,2.9948231195249875,0.17616606585441102
1866,0.0,0.0,-12.0,0.0,0.0,GLOBAL,28.789646219393372,2.9948231195249875,0.17616606585441102
1867,0.0,0.0,-12.0,0.0,0.0,GLOBAL,28.85514526457707,2.9948231195249875,0.17616606585441102
1868,0.0,0.0,-12.0,0.0,0.0,GLOBAL,28.888629209981453,2.9948231195249875,0.17616606585441102
1869,0.0,0.0,-12.0,0.0,0.0,GLOBAL,28.785978902384674,2.9948231195249875,0.17616606585441102
1870,0.0,0.0,-12.0,0.0,0.0,GLOBAL,28.767127895193457,2.9948231195249875,0.17616606585441102
1871,0.0,0.0,-12.0,0.0,0.0,GLOBAL,28.84316745208212,2.9948231195249875,0.17616606585441102
1872,0.0,0.0,-12.0,0.0,0.0,GLOBAL,28.78822809408173,2.9948231195249875,0.17616606585441102
1873,0.0,0.0,-12.0,0.0,0.0,GLOBAL,28.838303598346773,2.9948231195249875,0.17616606585441102
1874,0.0,0.0,-12.0,0.0,0.0,GLOBAL,28.865425110769493,2.9948231195249875,0.17616606585441102
1875,0.0,0.0,-12.0,0.0,0.0,GLOBAL,28.779999235823507,2.9948231195249875,0.17616606585441102
1876,0.0,0.0,-12.0,0.0,0.0,GLOBAL,28.807387950372327,2.9948231195249875,0.17616606585441102
1877,0.0,0.0,-12.0,0.0,0.0,GLOBAL,28.776587070781414,2.9948231195249875,0.17616606585441102
1878,0.0,0.0,-12.0,0.0,0.0,GLOBAL,28.810597468382763,2.9948231195249875,0.17616606585441102
1879,0.0,0.0,-12.0,0.0,0.0,GLOBAL,28.741934953673844,2.9948231195249875,0.17616606585441102
1880,0.0,0.0,-12.0,0.0,0.0,GLOBAL,28.798758691880877,2.9948231195249875,0.17616606585441102
1881,0.0,0.0,-12.0,0.0,0.0,GLOBAL,28.803375613581757,2.9948231195249875,0.17616606585441102
1882,0.0,0.0,-12.0,0.0,0.0,GLOBAL,28.838132706058005,2.9948231195249875,0.17616606585441102
1883,0.0,0.0,-12.0,0.0,0.0,GLOBAL,28.915868717877107,2.9948231195249875,0.17616606585441102
1884,0.0,0.0,-12.0,0.0,0.0,GLOBAL,28.778832979760203,2.9948231195249875,0.17616606585441102
1885,0.0,0.0,-12.0,0.0,0.0,GLOBAL,28.74753526627306,2.9948231195249875,0.17616606585441102
1886,0.0,0.0,-12.0,0.0,0.0,GLOBAL,28.948547873030698,2.9948231195249875,0.17616606585441102
1887,0.0,0.0,-12.0,0.0,0.0,GLOBAL,28.861020445820774,2.9948231195249875,0.17616606585441102
1888,0.0,0.0,-12.0,0.0,0.0,GLOBAL,28.862452505836636,2.9948231195249875,0.17616606585441102
1889,0.0,0.0,-12.0,0.0,0.0,GLOBAL,28.81646173585355,2.9948231195249875,0.17616606585441102
1890,0.0,0.0,-12.0,0.0,0.0,GLOBAL,28.803838936568567,2.9948231195249875,0.17616606585441102
1891,0.0,0.0,-12.0,0.0,0.0,GLOBAL,28.879824064276896,2.9948231195249875,0.17616606585441102
1892,0.0,0.0,-12.0,0.0,0.0,GLOBAL,28.855143209139,2.9948231195249875,0.17616606585441102
1893,0.0,0.0,-12.0,0.0,0.0,GLOBAL,28.81691535021892,2.9948231195249875,0.17616606585441102
1894,0.0,0.0,-12.0,0.0,0.0,GLOBAL,28.87537276856402,2.9948231195249875,0.17616606585441102
1895,0.0,0.0,-12.0,0.0,0.0,GLOBAL,28.842481462912364,2.9948231195249875,0.17616606585441102
1896,0.0,0.0,-12.0,0.0,0.0,GLOBAL,28.830711764262592,2.9948231195249875,0.17616606585441102
1897,0.0,0.0,-12.0,0.0,0.0,GLOBAL,28.91913489041721,2.9948231195249875,0.17616606585441102
1898,0.0,0.0,-12.0,0.0,0.0,GLOBAL,28.904352896751135,2.9948231195249875,0.17616606585441102
1899,0.0,0.0,-12.0,0.0,0.0,GLOBAL,28.83686683315953,2.9948231195249875,0.17616606585441102
1900,0.0,0.0,-12.0,0.0,0.0,GLOBAL,28.768881131854997,2.9948231195249875,0.17616606585441102
1901,0.0,0.0,-12.0,0.0,0.0,GLOBAL,28.810212138257796,2.9948231195249875,0.17616606585441102
1902,0.0,0.0,-12.0,0.0,0.0,GLOBAL,28.786143899336874,2.9948231195249875,0.17616606585441102
1903,0.0,0.0,-12.0,0.0,0.0,GLOBAL,28.811606121869396,2.9948231195249875,0.17616606585441102
1904,0.0,0.0,-12.0,0.0,0.0,GLOBAL,28.877440177846854,2.9948231195249875,0.17616606585441102
1905,0.0,0.0,-12.0,0.0,0.0,GLOBAL,28.921946951720013,2.9948231195249875,0.17616606585441102
1906,0.0,0.0,-12.0,0.0,0.0,GLOBAL,28.774863169664748,2.9948231195249875,0.17616606585441102
1907,0.0,0.0,-12.0,0.0,0.0,GLOBAL,28.87290625696786,2.9948231195249875,0.17616606585441102
1908,0.0,0.0,-12.0,0.0,0.0,GLOBAL,28.87743270823658,2.9948231195249875,0.17616606585441102
1909,0.0,0.0,-12.0,0.0,0.0,GLOBAL,28.813589674784232,2.9948231195249875,0.17616606585441102
1910,0.0,0.0,-12.0,0.0,0.0,GLOBAL,28.838218445012302,2.9948231195249875,0.17616606585441102
1911,0.0,0.0,-12.0,0.0,0.0,GLOBAL,28.863576881046107,2.9948231195249875,0.17616606585441102
1912,0.0,0.0,-12.0,0.0,0.0,GLOBAL,28.79716595877374,2.9948231195249875,0.17616606585441102
1913,0.0,0.0,-12.0,0.0,0.0,GLOBAL,28.8484276536197,2.9948231195249875,0.17616606585441102
1914,0.0,0.0,-12.0,0.0,0.0,GLOBAL,28.821354071855605,2.9948231195249875,0.17616606585441102
1915,0.0,0.0,-12.0,0.0,0.0,GLOBAL,28.844321586128466,2.9948231195249875,0.17616606585441102
1916,0.0,0.0,-12.0,0.0,0.0,GLOBAL,28.799292133062394,2.9948231195249875,0.17616606585441102
1917,0.0,0.0,-12.0,0.0,0.0,GLOBAL,28.82896943612119,2.9948231195249875,0.17616606585441102
1918,0.0,0.0,-12.0,0.0,0.0,GLOBAL,28.809712687479198,2.9948231195249875,0.17616606585441102
1919,0.0,0.0,-12.0,0.0,0.0,GLOBAL,28.870796297013783,2.9948231195249875,0.17616606585441102
1920,0.0,0.0,-12.0,0.0,0.0,GLOBAL,28.769025303560795,2.9948231195249875,0.17616606585441102
1921,0.0,0.0,-12.0,0.0,0.0,GLOBAL,28.922671915856775,2.9948231195249875,0.17616606585441102
1922,0.0,0.0,-12.0,0.0,0.0,GLOBAL,28.80744516679592,2.9948231195249875,0.17616606585441102
1923,0.0,0.0,-12.0,0.0,0.0,GLOBAL,28.879810245672164,2.9948231195249875,0.17616606585441102
1924,0.0,0.0,-12.0,0.0,0.0,GLOBAL,28.80229078515675,2.9948231195249875,0.17616606585441102
1925,0.0,0.0,-12.0,0.0,0.0,GLOBAL,28.845891951191533,2.9948231195249875,0.17616606585441102
1926,0.0,0.0,-12.0,0.0,0.0,GLOBAL,28.831246520376645,2.9948231195249875,0.17616606585441102
1927,0.0,0.0,-12.0,0.0,0.0,GLOBAL,28.802090575050716,2.9948231195249875,0.17616606585441102
1928,0.0,0.0,-12.0,0.0,0.0,GLOBAL,28.9171363873823,2.9948231195249875,0.17616606585441102
1929,0.0,0.0,-12.0,0.0,0.0,GLOBAL,28.804002596907853,2.9948231195249875,0.17616606585441102
1930,0.0,0.0,-12.0,0.0,0.0,GLOBAL,28.899007872656732,2.9948231195249875,0.17616606585441102
1931,0.0,0.0,-12.0,0.0,0.0,GLOBAL,28.851094509638745,2.9948231195249875,0.17616606585441102
1932,0.0,0.0,-12.0,0.0,0.0,GLOBAL,28.8820683140579,2.9948231195249875,0.17616606585441102
1933,0.0,0.0,-12.0,0.0,0.0,GLOBAL,28.887597276235994,2.9948231195249875,0.17616606585441102
1934,0.0,0.0,-12.0,0.0,0.0,GLOBAL,28.876565398474042,2.9948231195249875,0.17616606585441102
1935,0.0,0.0,-12.0,0.0,0.0,GLOBAL,28.904873505163224,2.9948231195249875,0.17616606585441102
1936,0.0,0.0,-12.0,0.0,0.0,GLOBAL,28.729436678679836,2.9948231195249875,0.17616606585441102
1937,0.0,0.0,-12.0,0.0,0.0,GLOBAL,28.906977962722717,2.9948231195249875,0.17616606585441102
1938,0.0,0.0,-12.0,0.0,0.0,GLOBAL,28.935520899957066,2.9948231195249875,0.17616606585441102
1939,0.0,0.0,-12.0,0.0,0.0,GLOBAL,28.868191689338843,2.9948231195249875,0.17616606585441102
1940,0.0,0.0,-12.0,0.0,0.0,GLOBAL,28.873198458795983,2.9948231195249875,0.17616606585441102
1941,0.0,0.0,-12.0,0.0,0.0,GLOBAL,28.856689832835215,2.9948231195249875,0.17616606585441102
1942,0.0,0.0,-12.0,0.0,0.0,GLOBAL,28.755722348594375,2.9948231195249875,0.17616606585441102
1943,0.0,0.0,-12.0,0.0,0.0,GLOBAL,28.933876025324977,2.9948231195249875,0.17616606585441102
1944,0.0,0.0,-12.0,0.0,0.0,GLOBAL,28.81289112375627,2.9948231195249875,0.17616606585441102
1945,0.0,0.0,-12.0,0.0,0.0,GLOBAL,28.81661661586108,2.9948231195249875,0.17616606585441102
1946,0.0,0.0,-12.0,0.0,0.0,GLOBAL,28.80112343886038,2.9948231195249875,0.17616606585441102
1947,0.0,0.0,-12.0,0.0,0.0,GLOBAL,28.911268585450625,2.9948231195249875,0.17616606585441102
1948,0.0,0.0,-12.0,0.0,0.0,GLOBAL,28.82716753982477,2.9948231195249875,0.17616606585441102
1949,0.0,0.0,-12.0,0.0,0.0,GLOBAL,28.815777018026715,2.9948231195249875,0.17616606585441102
1950,0.0,0.0,-12.0,0.0,0.0,GLOBAL,28.863782725095426,2.9948231195249875,0.17616606585441102
1951,0.0,0.0,-12.0,0.0,0.0,GLOBAL,28.852968933322067,2.9948231195249875,0.17616606585441102
1952,0.0,0.0,-12.0,0.0,0.0,GLOBAL,28.806631606636085,2.9948231195249875,0.17616606585441102
1953,0.0,0.0,-12.0,0.0,0.0,GLOBAL,28.86536999237739,2.9948231195249875,0.17616606585441102
1954,0.0,0.0,-12.0,0.0,0.0,GLOBAL,28.910891664489043,2.9948231195249875,0.17616606585441102
1955,0.0,0.0,-12.0,0.0,0.0,GLOBAL,28.823212312106328,2.9948231195249875,0.17616606585441102
1956,0.0,0.0,-12.0,0.0,0.0,GLOBAL,28.855292066281084,2.9948231195249875,0.17616606585441102
1957,0.0,0.0,-12.0,0.0,0.0,GLOBAL,28.791966599477412,2.9948231195249875,0.17616606585441102
1958,0.0,0.0,-12.0,0.0,0.0,GLOBAL,28.81997740068824,2.9948231195249875,0.17616606585441102
1959,0.0,0.0,-12.0,0.0,0.0,GLOBAL,28.859018322010893,2.9948231195249875,0.17616606585441102
1960,0.0,0.0,-12.0,0.0,0.0,GLOBAL,28.810003912951938,2.9948231195249875,0.17616606585441102
1961,0.0,0.0,-12.0,0.0,0.0,GLOBAL,28.873658323628142,2.9948231195249875,0.17616606585441102
1962,0.0,0.0,-12.0,0.0,0.0,GLOBAL,28.8530313635655,2.9948231195249875,0.17616606585441102
1963,0.0,0.0,-12.0,0.0,0.0,GLOBAL,28.88682629789573,2.9948231195249875,0.17616606585441102
1964,0.0,0.0,-12.0,0.0,0.0,GLOBAL,28.826140158554594,2.9948231195249875,0.17616606585441102
1965,0.0,0.0,-12.0,0.0,0.0,GLOBAL,28.842355963459422,2.9948231195249875,0.17616606585441102
1966,0.0,0.0,-12.0,0.0,0.0,GLOBAL,28.76640713301651,2.9948231195249875,0.17616606585441102
1967,0.0,0.0,-12.0,0.0,0.0,GLOBAL,28.866626737795663,2.9948231195249875,0.17616606585441102
1968,0.0,0.0,-12.0,0.0,0.0,GLOBAL,28.745707744113837,2.9948231195249875,0.17616606585441102
1969,0.0,0.0,-12.0,0.0,0.0,GLOBAL,28.838260570575144,2.9948231195249875,0.17616606585441102
1970,0.0,0.0,-12.0,0.0,0.0,GLOBAL,28.73212821725491,2.9948231195249875,0.17616606585441102
1971,0.0,0.0,-12.0,0.0,0.0,GLOBAL,28.88479158138295,2.9948231195249875,0.17616606585441102
1972,0.0,0.0,-12.0,0.0,0.0,GLOBAL,28.8101056776714,2.9948231195249875,0.17616606585441102
1973,0.0,0.0,-12.0,0.0,0.0,GLOBAL,28.883536609228344,2.9948231195249875,0.17616606585441102
1974,0.0,0.0,-12.0,0.0,0.0,GLOBAL,28.851206864254166,2.9948231195249875,0.17616606585441102
1975,0.0,0.0,-12.0,0.0,0.0,GLOBAL,28.97574385773848,2.9948231195249875,0.17616606585441102
1976,0.0,0.0,-12.0,0.0,0.0,GLOBAL,28.852651334880942,2.9948231195249875,0.17616606585441102
1977,0.0,0.0,-12.0,0.0,0.0,GLOBAL,28.875058552090533,2.9948231195249875,0.17616606585441102
1978,0.0,0.0,-12.0,0.0,0.0,GLOBAL,28.849947892799655,2.9948231195249875,0.17616606585441102
1979,0.0,0.0,-12.0,0.0,0.0,GLOBAL,28.776412151852234,2.9948231195249875,0.17616606585441102
1980,0.0,0.0,-12.0,0.0,0.0,GLOBAL,28.922905951236555,2.9948231195249875,0.17616606585441102
1981,0.0,0.0,-12.0,0.0,0.0,GLOBAL,28.819545958973517,2.9948231195249875,0.17616606585441102
1982,0.0,0.0,-12.0,0.0,0.0,GLOBAL,28.805650500936128,2.9948231195249875,0.17616606585441102
1983,0.0,0.0,-12.0,0.0,0.0,GLOBAL,28.84437650193315,2.9948231195249875,0.17616606585441102
1984,0.0,0.0,-12.0,0.0,0.0,GLOBAL,28.846470875016195,2.9948231195249875,0.17616606585441102
1985,0.0,0.0,-12.0,0.0,0.0,GLOBAL,28.950137436551696,2.9948231195249875,0.17616606585441102
1986,0.0,0.0,-12.0,0.0,0.0,GLOBAL,28.909463700728026,2.9948231195249875,0.17616606585441102
1987,0.0,0.0,-12.0,0.0,0.0,GLOBAL,28.9654224703534,2.9948231195249875,0.17616606585441102
1988,0.0,0.0,-12.0,0.0,0.0,GLOBAL,28.82699565208853,2.9948231195249875,0.17616606585441102
1989,0.0,0.0,-12.0,0.0,0.0,GLOBAL,28.94841029179182,2.9948231195249875,0.17616606585441102
1990,0.0,0.0,-12.0,0.0,0.0,GLOBAL,28.84090999681958,2.9948231195249875,0.17616606585441102
1991,0.0,0.0,-12.0,0.0,0.0,GLOBAL,28.930701030268406,2.9948231195249875,0.17616606585441102
1992,0.0,0.0,-12.0,0.0,0.0,GLOBAL,28.80461952982496,2.9948231195249875,0.17616606585441102
1993,0.0,0.0,-12.0,0.0,0.0,GLOBAL,28.83369752787864,2.9948231195249875,0.17616606585441102
1994,0.0,0.0,-12.0,0.0,0.0,GLOBAL,28.77291484088724,2.9948231195249875,0.17616606585441102
1995,0.0,0.0,-12.0,0.0,0.0,GLOBAL,28.924410754049656,2.9948231195249875,0.17616606585441102
1996,0.0,0.0,-12.0,0.0,0.0,GLOBAL,28.8907788105791,2.9948231195249875,0.17616606585441102
1997,0.0,0.0,-12.0,0.0,0.0,GLOBAL,28.912313641829407,2.9948231195249875,0.17616606585441102
1998,0.0,0.0,-12.0,0.0,0.0,GLOBAL,28.873380635557464,2.9948231195249875,0.17616606585441102
1999,0.0,0.0,-12.0,0.0,0.0,GLOBAL,28.904866551725608,2.9948231195249875,0.17616606585441102
2000,0.0,0.0,-12.0,0.0,0.0,GLOBAL,28.7305697856186,2.9948231195249875,0.17616606585441102
